{
    "AL": [
        [
            1609545600000.0,
            319.5780872688009
        ],
        [
            1610150400000.0,
            352.4135068563095
        ],
        [
            1610755200000.0,
            381.389300231833
        ],
        [
            1611360000000.0,
            405.6091866138207
        ]
    ],
    "AK": [
        [
            1609545600000.0,
            0.0
        ],
        [
            1610150400000.0,
            0.0
        ],
        [
            1610755200000.0,
            0.0
        ],
        [
            1611360000000.0,
            0.0
        ]
    ],
    "AZ": [
        [
            1609545600000.0,
            535.450361364343
        ],
        [
            1610150400000.0,
            609.8662160841703
        ],
        [
            1610755200000.0,
            688.1613045770816
        ],
        [
            1611360000000.0,
            771.0981301922865
        ]
    ],
    "AR": [
        [
            1609545600000.0,
            237.6642378144417
        ],
        [
            1610150400000.0,
            258.8824472013032
        ],
        [
            1610755200000.0,
            273.85965353641257
        ],
        [
            1611360000000.0,
            289.6273495863573
        ]
    ],
    "CA": [
        [
            1609545600000.0,
            1987.6708293790305
        ],
        [
            1610150400000.0,
            2269.188390482047
        ],
        [
            1610755200000.0,
            2448.479082286137
        ],
        [
            1611360000000.0,
            2505.258482212603
        ]
    ],
    "CO": [
        [
            1609545600000.0,
            335.0010145224194
        ],
        [
            1610150400000.0,
            325.14482086156397
        ],
        [
            1610755200000.0,
            306.4000269884916
        ],
        [
            1611360000000.0,
            283.8740897770958
        ]
    ],
    "CT": [
        [
            1609545600000.0,
            176.3096549337526
        ],
        [
            1610150400000.0,
            189.03386102811177
        ],
        [
            1610755200000.0,
            198.4873520221416
        ],
        [
            1611360000000.0,
            205.7365836741721
        ]
    ],
    "DE": [
        [
            1609545600000.0,
            0.0
        ],
        [
            1610150400000.0,
            4.178033148973299
        ],
        [
            1610755200000.0,
            9.306601260437764
        ],
        [
            1611360000000.0,
            14.33801417682394
        ]
    ],
    "FL": [
        [
            1609545600000.0,
            693.5745192350586
        ],
        [
            1610150400000.0,
            713.5947629152718
        ],
        [
            1610755200000.0,
            734.9761129260365
        ],
        [
            1611360000000.0,
            756.6710485562658
        ]
    ],
    "GA": [
        [
            1609545600000.0,
            374.9217073346823
        ],
        [
            1610150400000.0,
            447.16191807762397
        ],
        [
            1610755200000.0,
            531.6589084967651
        ],
        [
            1611360000000.0,
            630.2563867175999
        ]
    ],
    "HI": [
        [
            1609545600000.0,
            0.0
        ],
        [
            1610150400000.0,
            0.0
        ],
        [
            1610755200000.0,
            0.0
        ],
        [
            1611360000000.0,
            0.0
        ]
    ],
    "ID": [
        [
            1609545600000.0,
            58.26056347897007
        ],
        [
            1610150400000.0,
            58.366371700408756
        ],
        [
            1610755200000.0,
            55.99327449697177
        ],
        [
            1611360000000.0,
            53.389938203125745
        ]
    ],
    "IL": [
        [
            1609545600000.0,
            1011.6132987534908
        ],
        [
            1610150400000.0,
            966.440961705123
        ],
        [
            1610755200000.0,
            910.0064067173056
        ],
        [
            1611360000000.0,
            850.2630903917302
        ]
    ],
    "IN": [
        [
            1609545600000.0,
            527.8692300544097
        ],
        [
            1610150400000.0,
            508.3663200017816
        ],
        [
            1610755200000.0,
            480.0490482796609
        ],
        [
            1611360000000.0,
            446.2911213201088
        ]
    ],
    "IA": [
        [
            1609545600000.0,
            203.43020405324143
        ],
        [
            1610150400000.0,
            185.8253731734286
        ],
        [
            1610755200000.0,
            165.84940513874346
        ],
        [
            1611360000000.0,
            145.8117679106899
        ]
    ],
    "KS": [
        [
            1609545600000.0,
            202.69116996665338
        ],
        [
            1610150400000.0,
            206.49012105347057
        ],
        [
            1610755200000.0,
            206.51908399255862
        ],
        [
            1611360000000.0,
            204.1109919243687
        ]
    ],
    "KY": [
        [
            1609545600000.0,
            127.10752993709178
        ],
        [
            1610150400000.0,
            131.81450705675948
        ],
        [
            1610755200000.0,
            134.24911564254222
        ],
        [
            1611360000000.0,
            135.6106043322556
        ]
    ],
    "LA": [
        [
            1609545600000.0,
            243.84023784783216
        ],
        [
            1610150400000.0,
            263.1256165181159
        ],
        [
            1610755200000.0,
            275.8263941258942
        ],
        [
            1611360000000.0,
            285.5018245608872
        ]
    ],
    "ME": [
        [
            1609545600000.0,
            0.0
        ],
        [
            1610150400000.0,
            0.0
        ],
        [
            1610755200000.0,
            0.0
        ],
        [
            1611360000000.0,
            0.0
        ]
    ],
    "MD": [
        [
            1609545600000.0,
            260.79698368698473
        ],
        [
            1610150400000.0,
            282.55933666929366
        ],
        [
            1610755200000.0,
            300.9088326178107
        ],
        [
            1611360000000.0,
            315.97757438849436
        ]
    ],
    "MA": [
        [
            1609545600000.0,
            440.7632355101328
        ],
        [
            1610150400000.0,
            518.1598491448975
        ],
        [
            1610755200000.0,
            595.9324532980845
        ],
        [
            1611360000000.0,
            677.6451436875035
        ]
    ],
    "MI": [
        [
            1609545600000.0,
            728.5497837922211
        ],
        [
            1610150400000.0,
            692.7667068566439
        ],
        [
            1610755200000.0,
            641.9788895364711
        ],
        [
            1611360000000.0,
            584.625209786566
        ]
    ],
    "MN": [
        [
            1609545600000.0,
            312.51974084078614
        ],
        [
            1610150400000.0,
            289.4152310484274
        ],
        [
            1610755200000.0,
            258.36493220908324
        ],
        [
            1611360000000.0,
            229.65983646016116
        ]
    ],
    "MS": [
        [
            1609545600000.0,
            182.13706662714299
        ],
        [
            1610150400000.0,
            197.50746030623347
        ],
        [
            1610755200000.0,
            205.57937135148072
        ],
        [
            1611360000000.0,
            211.19862562077148
        ]
    ],