{
    "AL": [
        [
            1614384000000.0,
            9963.030595998687
        ],
        [
            1614988800000.0,
            10280.835928195036
        ],
        [
            1615593600000.0,
            10547.3588035691
        ],
        [
            1616198400000.0,
            10765.07089339775
        ]
    ],
    "AK": [
        [
            1614384000000.0,
            295.1127138061049
        ],
        [
            1614988800000.0,
            299.6195207647733
        ],
        [
            1615593600000.0,
            303.54612697311467
        ],
        [
            1616198400000.0,
            307.4520189197259
        ]
    ],
    "AZ": [
        [
            1614384000000.0,
            16045.419768265812
        ],
        [
            1614988800000.0,
            16515.33993405039
        ],
        [
            1615593600000.0,
            16896.311889495824
        ],
        [
            1616198400000.0,
            17199.554644237873
        ]
    ],
    "AR": [
        [
            1614384000000.0,
            5446.217815339859
        ],
        [
            1614988800000.0,
            5525.189248367575
        ],
        [
            1615593600000.0,
            5588.9563544514085
        ],
        [
            1616198400000.0,
            5639.87061444697
        ]
    ],
    "CA": [
        [
            1614384000000.0,
            51228.22524521854
        ],
        [
            1614988800000.0,
            53148.06069736294
        ],
        [
            1615593600000.0,
            54851.11970781505
        ],
        [
            1616198400000.0,
            56333.95729996815
        ]
    ],
    "CO": [
        [
            1614384000000.0,
            5968.983797203714
        ],
        [
            1614988800000.0,
            6042.020366006004
        ],
        [
            1615593600000.0,
            6107.468105604192
        ],
        [
            1616198400000.0,
            6168.406077788833
        ]
    ],
    "CT": [
        [
            1614384000000.0,
            7653.978655034474
        ],
        [
            1614988800000.0,
            7773.019815505682
        ],
        [
            1615593600000.0,
            7881.982958254708
        ],
        [
            1616198400000.0,
            7980.805943897087
        ]
    ],
    "DE": [
        [
            1614384000000.0,
            1406.8184853938994
        ],
        [
            1614988800000.0,
            1444.580318717111
        ],
        [
            1615593600000.0,
            1478.6231456414453
        ],
        [
            1616198400000.0,
            1508.8869752384735
        ]
    ],
    "FL": [
        [
            1614384000000.0,
            30726.2834356023
        ],
        [
            1614988800000.0,
            31566.77481701254
        ],
        [
            1615593600000.0,
            32330.37074497913
        ],
        [
            1616198400000.0,
            33021.81292749811
        ]
    ],
    "GA": [
        [
            1614384000000.0,
            17625.05167213296
        ],
        [
            1614988800000.0,
            18486.24895506914
        ],
        [
            1615593600000.0,
            19315.84382359065
        ],
        [
            1616198400000.0,
            20105.00886272279
        ]
    ],
    "HI": [
        [
            1614384000000.0,
            429.0
        ],
        [
            1614988800000.0,
            429.0
        ],
        [
            1615593600000.0,
            429.0
        ],
        [
            1616198400000.0,
            429.0
        ]
    ],
    "ID": [
        [
            1614384000000.0,
            1849.9660736909495
        ],
        [
            1614988800000.0,
            1869.717728118202
        ],
        [
            1615593600000.0,
            1886.2617109788089
        ],
        [
            1616198400000.0,
            1900.4120689159745
        ]
    ],
    "IL": [
        [
            1614384000000.0,
            22788.841044923785
        ],
        [
            1614988800000.0,
            23107.15297236205
        ],
        [
            1615593600000.0,
            23384.979778810244
        ],
        [
            1616198400000.0,
            23620.481188860824
        ]
    ],
    "IN": [
        [
            1614384000000.0,
            12534.288055462524
        ],
        [
            1614988800000.0,
            12704.716175222198
        ],
        [
            1615593600000.0,
            12848.095223657388
        ],
        [
            1616198400000.0,
            12970.19535401203
        ]
    ],
    "IA": [
        [
            1614384000000.0,
            5435.172928983622
        ],
        [
            1614988800000.0,
            5518.480746469337
        ],
        [
            1615593600000.0,
            5588.2525059957015
        ],
        [
            1616198400000.0,
            5646.555911375587
        ]
    ],
    "KS": [
        [
            1614384000000.0,
            4782.900022160302
        ],
        [
            1614988800000.0,
            4976.427417036408
        ],
        [
            1615593600000.0,
            5154.703517140337
        ],
        [
            1616198400000.0,
            5319.648587661906
        ]
    ],
    "KY": [
        [
            1614384000000.0,
            4604.656554598969
        ],
        [
            1614988800000.0,
            4768.361748493358
        ],
        [
            1615593600000.0,
            4915.3779386023925
        ],
        [
            1616198400000.0,
            5044.400054919433
        ]
    ],
    "LA": [
        [
            1614384000000.0,
            9598.171322316934
        ],
        [
            1614988800000.0,
            9730.188183037872
        ],
        [
            1615593600000.0,
            9839.368932014082
        ],
        [
            1616198400000.0,
            9928.33065893466
        ]
    ],
    "ME": [
        [
            1614384000000.0,
            672.1099050217539
        ],
        [
            1614988800000.0,
            685.2236434378053
        ],
        [
            1615593600000.0,
            696.8804954325403
        ],
        [
            1616198400000.0,
            707.4229174551997
        ]
    ],
    "MD": [
        [
            1614384000000.0,
            7877.404502513103
        ],
        [
            1614988800000.0,
            8041.718404185261
        ],
        [
            1615593600000.0,
            8194.295475197963
        ],
        [
            1616198400000.0,
            8332.137048915152
        ]
    ],
    "MA": [
        [
            1614384000000.0,
            16092.019132763397
        ],
        [
            1614988800000.0,
            16380.654526917046
        ],
        [
            1615593600000.0,
            16645.42488319122
        ],
        [
            1616198400000.0,
            16889.162026588776
        ]
    ],
    "MI": [
        [
            1614384000000.0,
            16554.330015499858
        ],
        [
            1614988800000.0,
            16734.21650060984
        ],
        [
            1615593600000.0,
            16883.51717405981
        ],
        [
            1616198400000.0,
            17009.481474408145
        ]
    ],
    "MN": [
        [
            1614384000000.0,
            6545.07148793483
        ],
        [
            1614988800000.0,
            6587.993201082766
        ],
        [
            1615593600000.0,
            6622.0904829135125
        ],
        [
            1616198400000.0,
            6648.804506906744
        ]
    ],