{
    "AL": [
        [
            1605916800000.0,
            176.21849009891983
        ],
        [
            1606521600000.0,
            202.23340030189286
        ],
        [
            1607126400000.0,
            229.1603924848372
        ],
        [
            1607731200000.0,
            259.2347050659713
        ]
    ],
    "AK": [
        [
            1605916800000.0,
            14.959793563826173
        ],
        [
            1606521600000.0,
            18.980235451119114
        ],
        [
            1607126400000.0,
            24.15731625039911
        ],
        [
            1607731200000.0,
            30.35699769348896
        ]
    ],
    "AZ": [
        [
            1605916800000.0,
            155.3110853944318
        ],
        [
            1606521600000.0,
            169.82529343027957
        ],
        [
            1607126400000.0,
            182.36199939359932
        ],
        [
            1607731200000.0,
            193.4975287565996
        ]
    ],
    "AR": [
        [
            1605916800000.0,
            126.98529922384519
        ],
        [
            1606521600000.0,
            124.01172458145193
        ],
        [
            1607126400000.0,
            120.30816876676943
        ],
        [
            1607731200000.0,
            116.31368399281368
        ]
    ],
    "CA": [
        [
            1605916800000.0,
            373.32662311502327
        ],
        [
            1606521600000.0,
            387.417109388684
        ],
        [
            1607126400000.0,
            404.4157848948342
        ],
        [
            1607731200000.0,
            424.0767205894428
        ]
    ],
    "CO": [
        [
            1605916800000.0,
            145.53191728885332
        ],
        [
            1606521600000.0,
            179.6171319772241
        ],
        [
            1607126400000.0,
            217.5073081768256
        ],
        [
            1607731200000.0,
            258.0880027567501
        ]
    ],
    "CT": [
        [
            1605916800000.0,
            84.69158013355363
        ],
        [
            1606521600000.0,
            100.68705275065064
        ],
        [
            1607126400000.0,
            120.80769956252364
        ],
        [
            1607731200000.0,
            144.42012531932966
        ]
    ],
    "DE": [
        [
            1605916800000.0,
            24.97399898490973
        ],
        [
            1606521600000.0,
            28.60934451113204
        ],
        [
            1607126400000.0,
            32.09464505833208
        ],
        [
            1607731200000.0,
            35.65573175799857
        ]
    ],
    "FL": [
        [
            1605916800000.0,
            315.0262903235733
        ],
        [
            1606521600000.0,
            276.38155720369724
        ],
        [
            1607126400000.0,
            241.7088998421869
        ],
        [
            1607731200000.0,
            210.49138359358048
        ]
    ],
    "GA": [
        [
            1605916800000.0,
            376.1076335343174
        ],
        [
            1606521600000.0,
            390.31543963016856
        ],
        [
            1607126400000.0,
            400.31406412338237
        ],
        [
            1607731200000.0,
            407.047260107104
        ]
    ],
    "HI": [
        [
            1605916800000.0,
            4.153615031803916
        ],
        [
            1606521600000.0,
            4.549012202181925
        ],
        [
            1607126400000.0,
            4.874611970165957
        ],
        [
            1607731200000.0,
            5.405739936909548
        ]
    ],
    "ID": [
        [
            1605916800000.0,
            88.31053548025206
        ],
        [
            1606521600000.0,
            103.52170453832792
        ],
        [
            1607126400000.0,
            118.93758508578782
        ],
        [
            1607731200000.0,
            134.26238341971253
        ]
    ],
    "IL": [
        [
            1605916800000.0,
            586.9155140554492
        ],
        [
            1606521600000.0,
            684.4892878410187
        ],
        [
            1607126400000.0,
            795.2535792346512
        ],
        [
            1607731200000.0,
            913.3740057245967
        ]
    ],
    "IN": [
        [
            1605916800000.0,
            337.24366120204576
        ],
        [
            1606521600000.0,
            401.176693297034
        ],
        [
            1607126400000.0,
            471.33768823136467
        ],
        [
            1607731200000.0,
            552.0881335722876
        ]
    ],
    "IA": [
        [
            1605916800000.0,
            142.35410505941945
        ],
        [
            1606521600000.0,
            156.3599501210403
        ],
        [
            1607126400000.0,
            170.87540994414292
        ],
        [
            1607731200000.0,
            186.33904469483016
        ]
    ],
    "KS": [
        [
            1605916800000.0,
            100.07920780784748
        ],
        [
            1606521600000.0,
            105.40488553860891
        ],
        [
            1607126400000.0,
            110.03131058294407
        ],
        [
            1607731200000.0,
            114.52745992047737
        ]
    ],
    "KY": [
        [
            1605916800000.0,
            115.27107405768274
        ],
        [
            1606521600000.0,
            131.02611389802212
        ],
        [
            1607126400000.0,
            148.54805805615166
        ],
        [
            1607731200000.0,
            168.3769714790135
        ]
    ],
    "LA": [
        [
            1605916800000.0,
            129.09696021227742
        ],
        [
            1606521600000.0,
            136.5196044572802
        ],
        [
            1607126400000.0,
            142.0290855433688
        ],
        [
            1607731200000.0,
            146.13131733685077
        ]
    ],
    "ME": [
        [
            1605916800000.0,
            15.842853415484676
        ],
        [
            1606521600000.0,
            19.523904139662843
        ],
        [
            1607126400000.0,
            23.7292364166938
        ],
        [
            1607731200000.0,
            29.866592994721433
        ]
    ],
    "MD": [
        [
            1605916800000.0,
            89.65195840101116
        ],
        [
            1606521600000.0,
            103.8343275099842
        ],
        [
            1607126400000.0,
            119.5921184021895
        ],
        [
            1607731200000.0,
            138.43334763490958
        ]
    ],
    "MA": [
        [
            1605916800000.0,
            178.73353636287536
        ],
        [
            1606521600000.0,
            203.1695139054909
        ],
        [
            1607126400000.0,
            225.9560012605576
        ],
        [
            1607731200000.0,
            248.21296183254262
        ]
    ],
    "MI": [
        [
            1605916800000.0,
            456.9382001706851
        ],
        [
            1606521600000.0,
            569.0974562610113
        ],
        [
            1607126400000.0,
            697.3182446162933
        ],
        [
            1607731200000.0,
            848.4850499342352
        ]
    ],
    "MN": [
        [
            1605916800000.0,
            240.15307790902256
        ],
        [
            1606521600000.0,
            283.3932813859707
        ],
        [
            1607126400000.0,
            331.68204827816606
        ],
        [
            1607731200000.0,
            382.86824749791947
        ]
    ],