{
    "AL": [
        [
            1613174400000.0,
            944.055113395434
        ],
        [
            1613779200000.0,
            981.3100178485724
        ],
        [
            1614384000000.0,
            992.9810924139568
        ],
        [
            1614988800000.0,
            974.6483652952468
        ]
    ],
    "AK": [
        [
            1613174400000.0,
            11.880170764923829
        ],
        [
            1613779200000.0,
            11.28446066957878
        ],
        [
            1614384000000.0,
            11.193780278036137
        ],
        [
            1614988800000.0,
            11.418565002389416
        ]
    ],
    "AZ": [
        [
            1613174400000.0,
            914.5757074576616
        ],
        [
            1613779200000.0,
            844.8631481683386
        ],
        [
            1614384000000.0,
            752.6068249150877
        ],
        [
            1614988800000.0,
            656.6201608932682
        ]
    ],
    "AR": [
        [
            1613174400000.0,
            226.1241960584645
        ],
        [
            1613779200000.0,
            203.19580164285648
        ],
        [
            1614384000000.0,
            178.8117647604371
        ],
        [
            1614988800000.0,
            157.40595684366608
        ]
    ],
    "CA": [
        [
            1613174400000.0,
            3067.1196886532825
        ],
        [
            1613779200000.0,
            2879.6500547979163
        ],
        [
            1614384000000.0,
            2681.9885492918675
        ],
        [
            1614988800000.0,
            2477.919844740286
        ]
    ],
    "CO": [
        [
            1613174400000.0,
            120.16802678926643
        ],
        [
            1613779200000.0,
            109.0531771582146
        ],
        [
            1614384000000.0,
            100.15343554004876
        ],
        [
            1614988800000.0,
            93.08107736653228
        ]
    ],
    "CT": [
        [
            1613174400000.0,
            173.28329607810767
        ],
        [
            1613779200000.0,
            162.06027045087592
        ],
        [
            1614384000000.0,
            150.67750990841958
        ],
        [
            1614988800000.0,
            142.0868196448881
        ]
    ],
    "DE": [
        [
            1613174400000.0,
            61.860891807028
        ],
        [
            1613779200000.0,
            60.689257000692216
        ],
        [
            1614384000000.0,
            58.58864474221389
        ],
        [
            1614988800000.0,
            56.31971070393354
        ]
    ],
    "FL": [
        [
            1613174400000.0,
            978.9694085914044
        ],
        [
            1613779200000.0,
            927.0168069420914
        ],
        [
            1614384000000.0,
            863.9443410759284
        ],
        [
            1614988800000.0,
            796.837679868886
        ]
    ],
    "GA": [
        [
            1613174400000.0,
            769.8319884734267
        ],
        [
            1613779200000.0,
            735.7409450089674
        ],
        [
            1614384000000.0,
            689.7427479852773
        ],
        [
            1614988800000.0,
            639.2535852341215
        ]
    ],
    "HI": [
        [
            1613174400000.0,
            12.222037099218472
        ],
        [
            1613779200000.0,
            12.661594175168428
        ],
        [
            1614384000000.0,
            13.448260480036144
        ],
        [
            1614988800000.0,
            14.831160101376438
        ]
    ],
    "ID": [
        [
            1613174400000.0,
            53.76760440968375
        ],
        [
            1613779200000.0,
            49.48154782812928
        ],
        [
            1614384000000.0,
            46.18257313228303
        ],
        [
            1614988800000.0,
            44.413017292622136
        ]
    ],
    "IL": [
        [
            1613174400000.0,
            513.4294937992538
        ],
        [
            1613779200000.0,
            465.6038707104436
        ],
        [
            1614384000000.0,
            423.2777867573994
        ],
        [
            1614988800000.0,
            383.4761401215403
        ]
    ],
    "IN": [
        [
            1613174400000.0,
            288.2193454582724
        ],
        [
            1613779200000.0,
            253.72373262034105
        ],
        [
            1614384000000.0,
            220.40943577186172
        ],
        [
            1614988800000.0,
            191.17227525536327
        ]
    ],
    "IA": [
        [
            1613174400000.0,
            214.34752227864388
        ],
        [
            1613779200000.0,
            197.6518945408143
        ],
        [
            1614384000000.0,
            180.0157060655767
        ],
        [
            1614988800000.0,
            163.09211468779114
        ]
    ],
    "KS": [
        [
            1613174400000.0,
            224.9184966053301
        ],
        [
            1613779200000.0,
            208.9679293536212
        ],
        [
            1614384000000.0,
            192.49929311140465
        ],
        [
            1614988800000.0,
            176.15486338519105
        ]
    ],
    "KY": [
        [
            1613174400000.0,
            294.2735206015904
        ],
        [
            1613779200000.0,
            290.7953413103324
        ],
        [
            1614384000000.0,
            285.0442716378458
        ],
        [
            1614988800000.0,
            274.84488938223365
        ]
    ],
    "LA": [
        [
            1613174400000.0,
            244.34927137688828
        ],
        [
            1613779200000.0,
            219.93944619145623
        ],
        [
            1614384000000.0,
            194.83087445632037
        ],
        [
            1614988800000.0,
            170.35167427429525
        ]
    ],
    "ME": [
        [
            1613174400000.0,
            56.38954931592031
        ],
        [
            1613779200000.0,
            53.497063463396906
        ],
        [
            1614384000000.0,
            50.31794188660201
        ],
        [
            1614988800000.0,
            48.61199633832972
        ]
    ],
    "MD": [
        [
            1613174400000.0,
            251.73828717428185
        ],
        [
            1613779200000.0,
            238.3225529352509
        ],
        [
            1614384000000.0,
            226.12162729667205
        ],
        [
            1614988800000.0,
            213.3387247944983
        ]
    ],
    "MA": [
        [
            1613174400000.0,
            427.5899687290495
        ],
        [
            1613779200000.0,
            395.3240663479148
        ],
        [
            1614384000000.0,
            360.8410735933898
        ],
        [
            1614988800000.0,
            329.6413284052233
        ]
    ],
    "MI": [
        [
            1613174400000.0,
            330.4803390053618
        ],
        [
            1613779200000.0,
            281.02083332507203
        ],
        [
            1614384000000.0,
            242.6644770133082
        ],
        [
            1614988800000.0,
            207.27427878109032
        ]
    ],
    "MN": [
        [
            1613174400000.0,
            111.86649718678952
        ],
        [
            1613779200000.0,
            94.78999278878324
        ],
        [
            1614384000000.0,
            78.6276990849336
        ],
        [
            1614988800000.0,
            68.32482959774947
        ]
    ],