{
    "AL": [
        [
            1611360000000.0,
            575.2610440478115
        ],
        [
            1611964800000.0,
            604.5369747099262
        ],
        [
            1612569600000.0,
            617.0329959039758
        ],
        [
            1613174400000.0,
            614.6051157380798
        ]
    ],
    "AK": [
        [
            1611360000000.0,
            15.308025989846945
        ],
        [
            1611964800000.0,
            14.719004237136211
        ],
        [
            1612569600000.0,
            14.446515860716055
        ],
        [
            1613174400000.0,
            14.325774022148405
        ]
    ],
    "AZ": [
        [
            1611360000000.0,
            1215.190168649598
        ],
        [
            1611964800000.0,
            1376.0536106472034
        ],
        [
            1612569600000.0,
            1504.7995996174564
        ],
        [
            1613174400000.0,
            1633.0045681663205
        ]
    ],
    "AR": [
        [
            1611360000000.0,
            313.05486522569214
        ],
        [
            1611964800000.0,
            323.0871937131617
        ],
        [
            1612569600000.0,
            328.0734189424107
        ],
        [
            1613174400000.0,
            330.33730690145364
        ]
    ],
    "CA": [
        [
            1611360000000.0,
            3381.514556443676
        ],
        [
            1611964800000.0,
            3578.626254578775
        ],
        [
            1612569600000.0,
            3699.496478258596
        ],
        [
            1613174400000.0,
            3748.372580944687
        ]
    ],
    "CO": [
        [
            1611360000000.0,
            202.28810136003537
        ],
        [
            1611964800000.0,
            181.69376923258147
        ],
        [
            1612569600000.0,
            161.86910123434163
        ],
        [
            1613174400000.0,
            143.3183838577286
        ]
    ],
    "CT": [
        [
            1611360000000.0,
            327.9838813817527
        ],
        [
            1611964800000.0,
            341.60552310540675
        ],
        [
            1612569600000.0,
            349.9456195828877
        ],
        [
            1613174400000.0,
            344.2704930940889
        ]
    ],
    "DE": [
        [
            1611360000000.0,
            56.38667758227609
        ],
        [
            1611964800000.0,
            59.09003559997166
        ],
        [
            1612569600000.0,
            60.574341553594216
        ],
        [
            1613174400000.0,
            61.68642192462335
        ]
    ],
    "FL": [
        [
            1611360000000.0,
            1207.9769781131881
        ],
        [
            1611964800000.0,
            1291.9330581204647
        ],
        [
            1612569600000.0,
            1351.0389260839647
        ],
        [
            1613174400000.0,
            1384.9640673465856
        ]
    ],
    "GA": [
        [
            1611360000000.0,
            782.4659794695664
        ],
        [
            1611964800000.0,
            856.0586824107861
        ],
        [
            1612569600000.0,
            916.2660013988198
        ],
        [
            1613174400000.0,
            965.0617850780154
        ]
    ],
    "HI": [
        [
            1611360000000.0,
            22.617394353377566
        ],
        [
            1611964800000.0,
            24.506361201056446
        ],
        [
            1612569600000.0,
            26.359993582916907
        ],
        [
            1613174400000.0,
            28.434795930353232
        ]
    ],
    "ID": [
        [
            1611360000000.0,
            95.27250636837151
        ],
        [
            1611964800000.0,
            90.8416073024557
        ],
        [
            1612569600000.0,
            85.45885166775253
        ],
        [
            1613174400000.0,
            80.53010023784623
        ]
    ],
    "IL": [
        [
            1611360000000.0,
            816.5230457867157
        ],
        [
            1611964800000.0,
            751.3299645627318
        ],
        [
            1612569600000.0,
            675.8723883818934
        ],
        [
            1613174400000.0,
            606.2268636156622
        ]
    ],
    "IN": [
        [
            1611360000000.0,
            491.2627107406093
        ],
        [
            1611964800000.0,
            462.6625455763452
        ],
        [
            1612569600000.0,
            431.5701740921858
        ],
        [
            1613174400000.0,
            395.69208719074805
        ]
    ],
    "IA": [
        [
            1611360000000.0,
            205.66248163410484
        ],
        [
            1611964800000.0,
            182.868409645695
        ],
        [
            1612569600000.0,
            161.28387328924853
        ],
        [
            1613174400000.0,
            141.31594508428552
        ]
    ],
    "KS": [
        [
            1611360000000.0,
            355.3528914619552
        ],
        [
            1611964800000.0,
            365.6748515489258
        ],
        [
            1612569600000.0,
            370.5113028980209
        ],
        [
            1613174400000.0,
            370.5044425381818
        ]
    ],
    "KY": [
        [
            1611360000000.0,
            215.6202689124195
        ],
        [
            1611964800000.0,
            225.75540354408642
        ],
        [
            1612569600000.0,
            232.3394462077914
        ],
        [
            1613174400000.0,
            235.75823012451463
        ]
    ],
    "LA": [
        [
            1611360000000.0,
            289.55153155237684
        ],
        [
            1611964800000.0,
            294.9333694095995
        ],
        [
            1612569600000.0,
            297.0028689566994
        ],
        [
            1613174400000.0,
            295.3587855567138
        ]
    ],
    "ME": [
        [
            1611360000000.0,
            98.00226466436972
        ],
        [
            1611964800000.0,
            114.69957651611614
        ],
        [
            1612569600000.0,
            129.51368080594534
        ],
        [
            1613174400000.0,
            146.12946629065246
        ]
    ],
    "MD": [
        [
            1611360000000.0,
            322.8141998316277
        ],
        [
            1611964800000.0,
            328.24352358681773
        ],
        [
            1612569600000.0,
            327.15167966333166
        ],
        [
            1613174400000.0,
            320.6638552011063
        ]
    ],
    "MA": [
        [
            1611360000000.0,
            577.6428990718795
        ],
        [
            1611964800000.0,
            601.43008129247
        ],
        [
            1612569600000.0,
            607.5616705399843
        ],
        [
            1613174400000.0,
            599.3515149767164
        ]
    ],
    "MI": [
        [
            1611360000000.0,
            616.6177216584457
        ],
        [
            1611964800000.0,
            580.7009423105518
        ],
        [
            1612569600000.0,
            541.8772924805268
        ],
        [
            1613174400000.0,
            493.69200542086884
        ]
    ],
    "MN": [
        [
            1611360000000.0,
            250.10562891921
        ],
        [
            1611964800000.0,
            220.86842935644333
        ],
        [
            1612569600000.0,
            194.3210524581856
        ],
        [
            1613174400000.0,
            167.55514650489295
        ]
    ],