{
    "AL": [
        [
            1606521600000.0,
            232.49864228676316
        ],
        [
            1607126400000.0,
            272.03704672049116
        ],
        [
            1607731200000.0,
            315.4202678948625
        ],
        [
            1608336000000.0,
            363.0325550454512
        ]
    ],
    "AK": [
        [
            1606521600000.0,
            10.114138955818557
        ],
        [
            1607126400000.0,
            11.755481034779482
        ],
        [
            1607731200000.0,
            13.948754576030975
        ],
        [
            1608336000000.0,
            16.58554307660112
        ]
    ],
    "AZ": [
        [
            1606521600000.0,
            162.96718554165957
        ],
        [
            1607126400000.0,
            180.39321494154842
        ],
        [
            1607731200000.0,
            200.0730751645901
        ],
        [
            1608336000000.0,
            217.66838057509045
        ]
    ],
    "AR": [
        [
            1606521600000.0,
            143.31354638473874
        ],
        [
            1607126400000.0,
            142.53233297846248
        ],
        [
            1607731200000.0,
            140.78522646856166
        ],
        [
            1608336000000.0,
            138.5685299819869
        ]
    ],
    "CA": [
        [
            1606521600000.0,
            392.0595942439845
        ],
        [
            1607126400000.0,
            390.420837993788
        ],
        [
            1607731200000.0,
            391.43642437737617
        ],
        [
            1608336000000.0,
            395.58221125315407
        ]
    ],
    "CO": [
        [
            1606521600000.0,
            264.8197011786972
        ],
        [
            1607126400000.0,
            320.0123818281995
        ],
        [
            1607731200000.0,
            378.3306243285609
        ],
        [
            1608336000000.0,
            438.09180972256246
        ]
    ],
    "CT": [
        [
            1606521600000.0,
            99.46072742469136
        ],
        [
            1607126400000.0,
            120.61413772141846
        ],
        [
            1607731200000.0,
            148.3849359619451
        ],
        [
            1608336000000.0,
            184.98515365177929
        ]
    ],
    "DE": [
        [
            1606521600000.0,
            19.759609835383294
        ],
        [
            1607126400000.0,
            22.34561679882952
        ],
        [
            1607731200000.0,
            24.568716808599483
        ],
        [
            1608336000000.0,
            26.958696212173532
        ]
    ],
    "FL": [
        [
            1606521600000.0,
            773.2822862485907
        ],
        [
            1607126400000.0,
            860.43130906385
        ],
        [
            1607731200000.0,
            945.7385331283913
        ],
        [
            1608336000000.0,
            1021.6488045346802
        ]
    ],
    "GA": [
        [
            1606521600000.0,
            400.96173897626403
        ],
        [
            1607126400000.0,
            427.7371256665962
        ],
        [
            1607731200000.0,
            453.2090378364232
        ],
        [
            1608336000000.0,
            476.15975714054605
        ]
    ],
    "HI": [
        [
            1606521600000.0,
            15.315659160178758
        ],
        [
            1607126400000.0,
            16.404539099780862
        ],
        [
            1607731200000.0,
            17.422133438610018
        ],
        [
            1608336000000.0,
            18.6871452597992
        ]
    ],
    "ID": [
        [
            1606521600000.0,
            107.51996120376562
        ],
        [
            1607126400000.0,
            126.24837066318666
        ],
        [
            1607731200000.0,
            145.43502196570762
        ],
        [
            1608336000000.0,
            164.89900127685775
        ]
    ],
    "IL": [
        [
            1606521600000.0,
            803.2870884216475
        ],
        [
            1607126400000.0,
            961.4378813026246
        ],
        [
            1607731200000.0,
            1148.2688724415225
        ],
        [
            1608336000000.0,
            1375.4110260633538
        ]
    ],
    "IN": [
        [
            1606521600000.0,
            396.78489723235396
        ],
        [
            1607126400000.0,
            471.824208182199
        ],
        [
            1607731200000.0,
            565.5768861253179
        ],
        [
            1608336000000.0,
            670.3284843532388
        ]
    ],
    "IA": [
        [
            1606521600000.0,
            234.5760856828466
        ],
        [
            1607126400000.0,
            283.2426625931816
        ],
        [
            1607731200000.0,
            335.4090371818365
        ],
        [
            1608336000000.0,
            392.6007296134294
        ]
    ],
    "KS": [
        [
            1606521600000.0,
            149.59392279154184
        ],
        [
            1607126400000.0,
            174.14545134054038
        ],
        [
            1607731200000.0,
            202.27550101812054
        ],
        [
            1608336000000.0,
            235.0945822223096
        ]
    ],
    "KY": [
        [
            1606521600000.0,
            149.6035467149899
        ],
        [
            1607126400000.0,
            177.95798111076667
        ],
        [
            1607731200000.0,
            212.66645920779496
        ],
        [
            1608336000000.0,
            255.33870543121463
        ]
    ],
    "LA": [
        [
            1606521600000.0,
            114.8701063134286
        ],
        [
            1607126400000.0,
            111.98541981511768
        ],
        [
            1607731200000.0,
            108.10377027730354
        ],
        [
            1608336000000.0,
            105.63181277183205
        ]
    ],
    "ME": [
        [
            1606521600000.0,
            17.284534670309206
        ],
        [
            1607126400000.0,
            21.446783242392954
        ],
        [
            1607731200000.0,
            26.138436418290386
        ],
        [
            1608336000000.0,
            31.80305356863522
        ]
    ],
    "MD": [
        [
            1606521600000.0,
            122.96856335710314
        ],
        [
            1607126400000.0,
            144.1752752451728
        ],
        [
            1607731200000.0,
            169.7582750785762
        ],
        [
            1608336000000.0,
            201.16580213623882
        ]
    ],
    "MA": [
        [
            1606521600000.0,
            235.50433739185
        ],
        [
            1607126400000.0,
            274.70483146655016
        ],
        [
            1607731200000.0,
            320.2372714456797
        ],
        [
            1608336000000.0,
            370.79277602412265
        ]
    ],
    "MI": [
        [
            1606521600000.0,
            552.2822468473473
        ],
        [
            1607126400000.0,
            693.3376285284171
        ],
        [
            1607731200000.0,
            856.7024023725174
        ],
        [
            1608336000000.0,
            1064.5915977744155
        ]
    ],
    "MN": [
        [
            1606521600000.0,
            349.6559292423495
        ],
        [
            1607126400000.0,
            429.1241795452689
        ],
        [
            1607731200000.0,
            520.6922894486379
        ],
        [
            1608336000000.0,
            625.4830327438234
        ]
    ],