{
    "AL": [
        [
            1612569600000.0,
            706.1722518688945
        ],
        [
            1613174400000.0,
            696.6444377012127
        ],
        [
            1613779200000.0,
            673.7173750861198
        ],
        [
            1614384000000.0,
            631.7950798042342
        ]
    ],
    "AK": [
        [
            1612569600000.0,
            6.668491190317616
        ],
        [
            1613174400000.0,
            6.387614325379406
        ],
        [
            1613779200000.0,
            6.628340465395117
        ],
        [
            1614384000000.0,
            7.205690878766989
        ]
    ],
    "AZ": [
        [
            1612569600000.0,
            911.6048701127713
        ],
        [
            1613174400000.0,
            867.960660547379
        ],
        [
            1613779200000.0,
            809.2357485137107
        ],
        [
            1614384000000.0,
            726.9557493717926
        ]
    ],
    "AR": [
        [
            1612569600000.0,
            262.98761975912674
        ],
        [
            1613174400000.0,
            243.47411456674573
        ],
        [
            1613779200000.0,
            223.04587933502592
        ],
        [
            1614384000000.0,
            200.88630937599515
        ]
    ],
    "CA": [
        [
            1612569600000.0,
            3554.533488298182
        ],
        [
            1613174400000.0,
            3481.7592929723883
        ],
        [
            1613779200000.0,
            3350.683917047423
        ],
        [
            1614384000000.0,
            3205.327726120377
        ]
    ],
    "CO": [
        [
            1612569600000.0,
            154.19129900160132
        ],
        [
            1613174400000.0,
            131.37337804753037
        ],
        [
            1613779200000.0,
            111.62590086263334
        ],
        [
            1614384000000.0,
            94.87532227143829
        ]
    ],
    "CT": [
        [
            1612569600000.0,
            296.0488735397678
        ],
        [
            1613174400000.0,
            295.1388347420268
        ],
        [
            1613779200000.0,
            285.01861244471525
        ],
        [
            1614384000000.0,
            272.3185530838686
        ]
    ],
    "DE": [
        [
            1612569600000.0,
            47.970817904777014
        ],
        [
            1613174400000.0,
            47.504660382119944
        ],
        [
            1613779200000.0,
            46.250732693383455
        ],
        [
            1614384000000.0,
            45.29465625679061
        ]
    ],
    "FL": [
        [
            1612569600000.0,
            1018.7007135049533
        ],
        [
            1613174400000.0,
            996.8333788367078
        ],
        [
            1613779200000.0,
            966.5417376357243
        ],
        [
            1614384000000.0,
            920.6922062323242
        ]
    ],
    "GA": [
        [
            1612569600000.0,
            844.1155230115364
        ],
        [
            1613174400000.0,
            843.8807086625319
        ],
        [
            1613779200000.0,
            826.4212617095044
        ],
        [
            1614384000000.0,
            795.1482932073947
        ]
    ],
    "HI": [
        [
            1612569600000.0,
            36.5539745615576
        ],
        [
            1613174400000.0,
            39.67779067686192
        ],
        [
            1613779200000.0,
            42.92147669225128
        ],
        [
            1614384000000.0,
            46.48258945456169
        ]
    ],
    "ID": [
        [
            1612569600000.0,
            71.26945007690544
        ],
        [
            1613174400000.0,
            65.65568867031035
        ],
        [
            1613779200000.0,
            60.27808419906464
        ],
        [
            1614384000000.0,
            55.78665597727623
        ]
    ],
    "IL": [
        [
            1612569600000.0,
            562.6887527632166
        ],
        [
            1613174400000.0,
            509.6832904758381
        ],
        [
            1613779200000.0,
            456.16613013556366
        ],
        [
            1614384000000.0,
            409.351031436708
        ]
    ],
    "IN": [
        [
            1612569600000.0,
            290.8652474901277
        ],
        [
            1613174400000.0,
            246.6730163495346
        ],
        [
            1613779200000.0,
            204.59852279161072
        ],
        [
            1614384000000.0,
            171.8332289888894
        ]
    ],
    "IA": [
        [
            1612569600000.0,
            158.67415849889352
        ],
        [
            1613174400000.0,
            138.3143435409213
        ],
        [
            1613779200000.0,
            119.48683278384249
        ],
        [
            1614384000000.0,
            103.28827487875631
        ]
    ],
    "KS": [
        [
            1612569600000.0,
            187.7180446576565
        ],
        [
            1613174400000.0,
            165.4384176227291
        ],
        [
            1613779200000.0,
            144.87128205085273
        ],
        [
            1614384000000.0,
            126.72707042506191
        ]
    ],
    "KY": [
        [
            1612569600000.0,
            295.94941612246856
        ],
        [
            1613174400000.0,
            306.28346623886125
        ],
        [
            1613779200000.0,
            312.91947758477306
        ],
        [
            1614384000000.0,
            313.3587134723251
        ]
    ],
    "LA": [
        [
            1612569600000.0,
            284.1698895396645
        ],
        [
            1613174400000.0,
            269.53337853888667
        ],
        [
            1613779200000.0,
            252.5922258101124
        ],
        [
            1614384000000.0,
            232.8571956342849
        ]
    ],
    "ME": [
        [
            1612569600000.0,
            64.64744425641003
        ],
        [
            1613174400000.0,
            65.2955619346873
        ],
        [
            1613779200000.0,
            64.83611926318119
        ],
        [
            1614384000000.0,
            65.01348736161188
        ]
    ],
    "MD": [
        [
            1612569600000.0,
            288.9171233181122
        ],
        [
            1613174400000.0,
            275.28512818584596
        ],
        [
            1613779200000.0,
            258.76841462438273
        ],
        [
            1614384000000.0,
            241.9813920588359
        ]
    ],
    "MA": [
        [
            1612569600000.0,
            489.249653949164
        ],
        [
            1613174400000.0,
            472.49813600523316
        ],
        [
            1613779200000.0,
            458.8611067052123
        ],
        [
            1614384000000.0,
            434.3317108399723
        ]
    ],
    "MI": [
        [
            1612569600000.0,
            311.4118631390773
        ],
        [
            1613174400000.0,
            269.39412140992914
        ],
        [
            1613779200000.0,
            233.27440003671106
        ],
        [
            1614384000000.0,
            200.56081253815418
        ]
    ],
    "MN": [
        [
            1612569600000.0,
            134.0018655940087
        ],
        [
            1613174400000.0,
            115.2207822319014
        ],
        [
            1613779200000.0,
            97.46778489619696
        ],
        [
            1614384000000.0,
            82.14500764707753
        ]
    ],