{
    "AL": [
        [
            1615593600000.0,
            210.6857681474466
        ],
        [
            1616198400000.0,
            164.90674807496566
        ],
        [
            1616803200000.0,
            126.86086259319752
        ],
        [
            1617408000000.0,
            96.73256268885883
        ]
    ],
    "AK": [
        [
            1615593600000.0,
            6.374685855270085
        ],
        [
            1616198400000.0,
            6.609338689956797
        ],
        [
            1616803200000.0,
            7.260972941158702
        ],
        [
            1617408000000.0,
            8.229182855367135
        ]
    ],
    "AZ": [
        [
            1615593600000.0,
            352.48057970386367
        ],
        [
            1616198400000.0,
            279.3841159277172
        ],
        [
            1616803200000.0,
            213.710313369414
        ],
        [
            1617408000000.0,
            164.6829148130219
        ]
    ],
    "AR": [
        [
            1615593600000.0,
            81.89385219111104
        ],
        [
            1616198400000.0,
            67.52216628527269
        ],
        [
            1616803200000.0,
            55.496449106921474
        ],
        [
            1617408000000.0,
            45.33249900192913
        ]
    ],
    "CA": [
        [
            1615593600000.0,
            2073.190987494686
        ],
        [
            1616198400000.0,
            1851.231755661738
        ],
        [
            1616803200000.0,
            1642.04719074812
        ],
        [
            1617408000000.0,
            1440.7038303585314
        ]
    ],
    "CO": [
        [
            1615593600000.0,
            43.7733997093757
        ],
        [
            1616198400000.0,
            39.98945085911402
        ],
        [
            1616803200000.0,
            37.05774350748277
        ],
        [
            1617408000000.0,
            34.37423118310573
        ]
    ],
    "CT": [
        [
            1615593600000.0,
            73.0340186584948
        ],
        [
            1616198400000.0,
            64.39463688971551
        ],
        [
            1616803200000.0,
            59.001904844313344
        ],
        [
            1617408000000.0,
            52.46965396762255
        ]
    ],
    "DE": [
        [
            1615593600000.0,
            31.278336528604
        ],
        [
            1616198400000.0,
            28.78123555892877
        ],
        [
            1616803200000.0,
            26.370367228890924
        ],
        [
            1617408000000.0,
            24.143706191101888
        ]
    ],
    "FL": [
        [
            1615593600000.0,
            743.6455411145664
        ],
        [
            1616198400000.0,
            672.1801088407477
        ],
        [
            1616803200000.0,
            609.284857644213
        ],
        [
            1617408000000.0,
            544.1684476045104
        ]
    ],
    "GA": [
        [
            1615593600000.0,
            623.0751985265932
        ],
        [
            1616198400000.0,
            574.4156639306074
        ],
        [
            1616803200000.0,
            522.6406088650588
        ],
        [
            1617408000000.0,
            470.3652171510085
        ]
    ],
    "HI": [
        [
            1615593600000.0,
            4.336496881438364
        ],
        [
            1616198400000.0,
            5.436792506791327
        ],
        [
            1616803200000.0,
            5.991895525659894
        ],
        [
            1617408000000.0,
            6.578053648017685
        ]
    ],
    "ID": [
        [
            1615593600000.0,
            18.44943054049296
        ],
        [
            1616198400000.0,
            17.58614696664563
        ],
        [
            1616803200000.0,
            16.5357821376001
        ],
        [
            1617408000000.0,
            16.365089487625255
        ]
    ],
    "IL": [
        [
            1615593600000.0,
            302.813323215093
        ],
        [
            1616198400000.0,
            255.16745867010704
        ],
        [
            1616803200000.0,
            216.4555276720356
        ],
        [
            1617408000000.0,
            182.31090122000617
        ]
    ],
    "IN": [
        [
            1615593600000.0,
            145.95408478822614
        ],
        [
            1616198400000.0,
            121.34075261200717
        ],
        [
            1616803200000.0,
            100.03033128832064
        ],
        [
            1617408000000.0,
            81.54231266152607
        ]
    ],
    "IA": [
        [
            1615593600000.0,
            78.05238243925987
        ],
        [
            1616198400000.0,
            67.74408928294575
        ],
        [
            1616803200000.0,
            59.01150719533841
        ],
        [
            1617408000000.0,
            52.44056631254859
        ]
    ],
    "KS": [
        [
            1615593600000.0,
            73.88902765933318
        ],
        [
            1616198400000.0,
            60.97254520925429
        ],
        [
            1616803200000.0,
            50.34878929552794
        ],
        [
            1617408000000.0,
            42.13122520348401
        ]
    ],
    "KY": [
        [
            1615593600000.0,
            187.18025490003868
        ],
        [
            1616198400000.0,
            171.15825342817683
        ],
        [
            1616803200000.0,
            152.49586526607777
        ],
        [
            1617408000000.0,
            135.29464197941897
        ]
    ],
    "LA": [
        [
            1615593600000.0,
            117.66742352785108
        ],
        [
            1616198400000.0,
            96.2343983425908
        ],
        [
            1616803200000.0,
            78.53288803062246
        ],
        [
            1617408000000.0,
            63.66245648318564
        ]
    ],
    "ME": [
        [
            1615593600000.0,
            25.65211936948748
        ],
        [
            1616198400000.0,
            24.60978274173603
        ],
        [
            1616803200000.0,
            23.528887819828903
        ],
        [
            1617408000000.0,
            22.963070053450732
        ]
    ],
    "MD": [
        [
            1615593600000.0,
            99.18788495270216
        ],
        [
            1616198400000.0,
            85.4954191748108
        ],
        [
            1616803200000.0,
            77.88480875064381
        ],
        [
            1617408000000.0,
            70.96511807623217
        ]
    ],
    "MA": [
        [
            1615593600000.0,
            306.0572567610206
        ],
        [
            1616198400000.0,
            287.36987309561323
        ],
        [
            1616803200000.0,
            265.0263534380033
        ],
        [
            1617408000000.0,
            243.8383214971757
        ]
    ],
    "MI": [
        [
            1615593600000.0,
            166.5808933004306
        ],
        [
            1616198400000.0,
            157.61431163584686
        ],
        [
            1616803200000.0,
            153.7800984179684
        ],
        [
            1617408000000.0,
            165.50847609579475
        ]
    ],
    "MN": [
        [
            1615593600000.0,
            71.09494170513119
        ],
        [
            1616198400000.0,
            62.45750041789483
        ],
        [
            1616803200000.0,
            55.89788181669997
        ],
        [
            1617408000000.0,
            50.52944473296649
        ]
    ],