{
    "AL": [
        [
            1608940800000.0,
            350.43477072257997
        ],
        [
            1609545600000.0,
            395.34993046477257
        ],
        [
            1610150400000.0,
            444.1606426642306
        ],
        [
            1610755200000.0,
            494.91402143187264
        ]
    ],
    "AK": [
        [
            1608940800000.0,
            16.56104969784441
        ],
        [
            1609545600000.0,
            17.261940075305063
        ],
        [
            1610150400000.0,
            18.170346106371802
        ],
        [
            1610755200000.0,
            19.22267752798658
        ]
    ],
    "AZ": [
        [
            1608940800000.0,
            590.9894245341636
        ],
        [
            1609545600000.0,
            671.8752296505605
        ],
        [
            1610150400000.0,
            756.4278677350858
        ],
        [
            1610755200000.0,
            846.3205365101193
        ]
    ],
    "AR": [
        [
            1608940800000.0,
            282.5787097800004
        ],
        [
            1609545600000.0,
            306.3466687605101
        ],
        [
            1610150400000.0,
            320.9043544274761
        ],
        [
            1610755200000.0,
            330.4622986705596
        ]
    ],
    "CA": [
        [
            1608940800000.0,
            1671.2338702459722
        ],
        [
            1609545600000.0,
            1968.517946789941
        ],
        [
            1610150400000.0,
            2311.0488463732268
        ],
        [
            1610755200000.0,
            2708.794577843059
        ]
    ],
    "CO": [
        [
            1608940800000.0,
            466.02200325934166
        ],
        [
            1609545600000.0,
            459.29255847051087
        ],
        [
            1610150400000.0,
            434.43814503760314
        ],
        [
            1610755200000.0,
            397.63717190795325
        ]
    ],
    "CT": [
        [
            1608940800000.0,
            279.65151820997755
        ],
        [
            1609545600000.0,
            330.01097579263137
        ],
        [
            1610150400000.0,
            389.1501609323729
        ],
        [
            1610755200000.0,
            445.8409248031306
        ]
    ],
    "DE": [
        [
            1608940800000.0,
            54.843322576034964
        ],
        [
            1609545600000.0,
            61.82952349033985
        ],
        [
            1610150400000.0,
            68.32530910576057
        ],
        [
            1610755200000.0,
            75.14561461415529
        ]
    ],
    "FL": [
        [
            1608940800000.0,
            876.672933733612
        ],
        [
            1609545600000.0,
            932.0075762500383
        ],
        [
            1610150400000.0,
            982.8246181625708
        ],
        [
            1610755200000.0,
            1024.1629391503106
        ]
    ],
    "GA": [
        [
            1608940800000.0,
            420.3374921576304
        ],
        [
            1609545600000.0,
            477.2927408872448
        ],
        [
            1610150400000.0,
            539.2035849065123
        ],
        [
            1610755200000.0,
            606.2685521898901
        ]
    ],
    "HI": [
        [
            1608940800000.0,
            23.968498880556808
        ],
        [
            1609545600000.0,
            25.61537859440424
        ],
        [
            1610150400000.0,
            27.32320983693262
        ],
        [
            1610755200000.0,
            29.09874989187263
        ]
    ],
    "ID": [
        [
            1608940800000.0,
            137.7961529354501
        ],
        [
            1609545600000.0,
            139.35658195166954
        ],
        [
            1610150400000.0,
            138.06252875780956
        ],
        [
            1610755200000.0,
            133.60303403946585
        ]
    ],
    "IL": [
        [
            1608940800000.0,
            1053.3674541090124
        ],
        [
            1609545600000.0,
            1032.1464609521463
        ],
        [
            1610150400000.0,
            986.6880577974797
        ],
        [
            1610755200000.0,
            932.376900779642
        ]
    ],
    "IN": [
        [
            1608940800000.0,
            541.2076314937747
        ],
        [
            1609545600000.0,
            530.1668268062875
        ],
        [
            1610150400000.0,
            503.075915543439
        ],
        [
            1610755200000.0,
            476.4719823437448
        ]
    ],
    "IA": [
        [
            1608940800000.0,
            346.04705750475136
        ],
        [
            1609545600000.0,
            329.3787077548319
        ],
        [
            1610150400000.0,
            298.41222913617213
        ],
        [
            1610755200000.0,
            263.22816777945656
        ]
    ],
    "KS": [
        [
            1608940800000.0,
            330.31639495662535
        ],
        [
            1609545600000.0,
            361.88250932449625
        ],
        [
            1610150400000.0,
            390.97627117117895
        ],
        [
            1610755200000.0,
            416.9781369258656
        ]
    ],
    "KY": [
        [
            1608940800000.0,
            172.3397357061241
        ],
        [
            1609545600000.0,
            182.65095670224446
        ],
        [
            1610150400000.0,
            190.6884270296211
        ],
        [
            1610755200000.0,
            199.38492683257962
        ]
    ],
    "LA": [
        [
            1608940800000.0,
            195.00974550315982
        ],
        [
            1609545600000.0,
            190.6011513611668
        ],
        [
            1610150400000.0,
            185.42324940041087
        ],
        [
            1610755200000.0,
            179.03138703412074
        ]
    ],
    "ME": [
        [
            1608940800000.0,
            59.55487009089656
        ],
        [
            1609545600000.0,
            72.68995020320726
        ],
        [
            1610150400000.0,
            88.95725267629038
        ],
        [
            1610755200000.0,
            107.8694635854108
        ]
    ],
    "MD": [
        [
            1608940800000.0,
            290.7428370939781
        ],
        [
            1609545600000.0,
            303.7654663388027
        ],
        [
            1610150400000.0,
            310.8961228391842
        ],
        [
            1610755200000.0,
            312.2169434303031
        ]
    ],
    "MA": [
        [
            1608940800000.0,
            427.6395764566807
        ],
        [
            1609545600000.0,
            486.7029493748146
        ],
        [
            1610150400000.0,
            542.2693728531463
        ],
        [
            1610755200000.0,
            605.6848004889105
        ]
    ],
    "MI": [
        [
            1608940800000.0,
            897.374960473596
        ],
        [
            1609545600000.0,
            862.3715426252029
        ],
        [
            1610150400000.0,
            819.0231006260304
        ],
        [
            1610755200000.0,
            749.5621180009366
        ]
    ],
    "MN": [
        [
            1608940800000.0,
            424.971874663512
        ],
        [
            1609545600000.0,
            412.8622238751719
        ],
        [
            1610150400000.0,
            388.7414682820988
        ],
        [
            1610755200000.0,
            363.27927352187385
        ]
    ],