{
    "AL": [
        [
            1599868800000.0,
            96.1717132098668
        ],
        [
            1600473600000.0,
            169.11022219474938
        ],
        [
            1601078400000.0,
            110.2291817953878
        ],
        [
            1601683200000.0,
            99.65146574993456
        ]
    ],
    "AK": [
        [
            1599868800000.0,
            1.4569452469406912
        ],
        [
            1600473600000.0,
            0.0
        ],
        [
            1601078400000.0,
            7.481760637265192
        ],
        [
            1601683200000.0,
            14.49605313410413
        ]
    ],
    "AZ": [
        [
            1599868800000.0,
            194.81626228631032
        ],
        [
            1600473600000.0,
            0.0
        ],
        [
            1601078400000.0,
            176.5818969673188
        ],
        [
            1601683200000.0,
            132.03094631517888
        ]
    ],
    "AR": [
        [
            1599868800000.0,
            100.21504796743021
        ],
        [
            1600473600000.0,
            130.55499382934357
        ],
        [
            1601078400000.0,
            149.39219778869025
        ],
        [
            1601683200000.0,
            158.0194443212683
        ]
    ],
    "CA": [
        [
            1599868800000.0,
            558.2905167072912
        ],
        [
            1600473600000.0,
            474.0253585750037
        ],
        [
            1601078400000.0,
            637.5386977241477
        ],
        [
            1601683200000.0,
            652.5209112940996
        ]
    ],
    "CO": [
        [
            1599868800000.0,
            32.49076447064625
        ],
        [
            1600473600000.0,
            16.533456123170794
        ],
        [
            1601078400000.0,
            7.537441733107317
        ],
        [
            1601683200000.0,
            21.93392165833054
        ]
    ],
    "CT": [
        [
            1599868800000.0,
            0.0
        ],
        [
            1600473600000.0,
            2.0668707056087765
        ],
        [
            1601078400000.0,
            0.0
        ],
        [
            1601683200000.0,
            2.1237331111970885
        ]
    ],
    "DE": [
        [
            1599868800000.0,
            9.832984341503904
        ],
        [
            1600473600000.0,
            0.0
        ],
        [
            1601078400000.0,
            22.14767709760853
        ],
        [
            1601683200000.0,
            6.9660379164754165
        ]
    ],
    "FL": [
        [
            1599868800000.0,
            504.9405197549208
        ],
        [
            1600473600000.0,
            290.2515601289939
        ],
        [
            1601078400000.0,
            401.0503944844819
        ],
        [
            1601683200000.0,
            328.23625109795387
        ]
    ],
    "GA": [
        [
            1599868800000.0,
            396.93346663814117
        ],
        [
            1600473600000.0,
            225.9843643391029
        ],
        [
            1601078400000.0,
            383.57258455086196
        ],
        [
            1601683200000.0,
            345.32139133043717
        ]
    ],
    "HI": [
        [
            1599868800000.0,
            30.87770653944177
        ],
        [
            1600473600000.0,
            8.643449303160168
        ],
        [
            1601078400000.0,
            33.670562861458976
        ],
        [
            1601683200000.0,
            63.42156719460636
        ]
    ],
    "ID": [
        [
            1599868800000.0,
            15.94422199331358
        ],
        [
            1600473600000.0,
            34.811195682091515
        ],
        [
            1601078400000.0,
            21.07674779930118
        ],
        [
            1601683200000.0,
            16.94822154646569
        ]
    ],
    "IL": [
        [
            1599868800000.0,
            225.8473481101308
        ],
        [
            1600473600000.0,
            230.9767378784037
        ],
        [
            1601078400000.0,
            303.26161548362
        ],
        [
            1601683200000.0,
            318.45678417545923
        ]
    ],
    "IN": [
        [
            1599868800000.0,
            79.51188951358164
        ],
        [
            1600473600000.0,
            115.8546001070246
        ],
        [
            1601078400000.0,
            57.55302705648157
        ],
        [
            1601683200000.0,
            57.250928527066755
        ]
    ],
    "IA": [
        [
            1599868800000.0,
            56.125073673079754
        ],
        [
            1600473600000.0,
            57.814268276635936
        ],
        [
            1601078400000.0,
            66.08760811142642
        ],
        [
            1601683200000.0,
            90.6519539095935
        ]
    ],
    "KS": [
        [
            1599868800000.0,
            11.515257175469756
        ],
        [
            1600473600000.0,
            0.0
        ],
        [
            1601078400000.0,
            14.270609932349315
        ],
        [
            1601683200000.0,
            83.13169389225055
        ]
    ],
    "KY": [
        [
            1599868800000.0,
            34.89419829611225
        ],
        [
            1600473600000.0,
            43.75903511289928
        ],
        [
            1601078400000.0,
            70.86555177630022
        ],
        [
            1601683200000.0,
            81.40057571981849
        ]
    ],
    "LA": [
        [
            1599868800000.0,
            219.72930950230503
        ],
        [
            1600473600000.0,
            169.9640090500859
        ],
        [
            1601078400000.0,
            126.0546712530205
        ],
        [
            1601683200000.0,
            165.15376066071337
        ]
    ],
    "ME": [
        [
            1599868800000.0,
            0.0
        ],
        [
            1600473600000.0,
            13.598413648579447
        ],
        [
            1601078400000.0,
            0.0
        ],
        [
            1601683200000.0,
            2.8570004790508765
        ]
    ],
    "MD": [
        [
            1599868800000.0,
            37.69268510441718
        ],
        [
            1600473600000.0,
            21.829421536763192
        ],
        [
            1601078400000.0,
            29.083886665442034
        ],
        [
            1601683200000.0,
            64.40791877654439
        ]
    ],
    "MA": [
        [
            1599868800000.0,
            101.5343181420726
        ],
        [
            1600473600000.0,
            82.45502997832197
        ],
        [
            1601078400000.0,
            61.44227274170068
        ],
        [
            1601683200000.0,
            58.01642140592604
        ]
    ],
    "MI": [
        [
            1599868800000.0,
            29.25537471637209
        ],
        [
            1600473600000.0,
            30.17287803325993
        ],
        [
            1601078400000.0,
            63.12229381438446
        ],
        [
            1601683200000.0,
            65.55304508794487
        ]
    ],
    "MN": [
        [
            1599868800000.0,
            40.51866548203371
        ],
        [
            1600473600000.0,
            31.742678680101736
        ],
        [
            1601078400000.0,
            136.88901329762584
        ],
        [
            1601683200000.0,
            75.75028897148626
        ]
    ],