{
    "AL": [
        [
            1611360000000.0,
            6694.261044047811
        ],
        [
            1611964800000.0,
            7298.798018757738
        ],
        [
            1612569600000.0,
            7915.831014661712
        ],
        [
            1613174400000.0,
            8530.436130399792
        ]
    ],
    "AK": [
        [
            1611360000000.0,
            244.30802598984693
        ],
        [
            1611964800000.0,
            259.0270302269832
        ],
        [
            1612569600000.0,
            273.4735460876992
        ],
        [
            1613174400000.0,
            287.79932010984766
        ]
    ],
    "AZ": [
        [
            1611360000000.0,
            12463.190168649597
        ],
        [
            1611964800000.0,
            13839.2437792968
        ],
        [
            1612569600000.0,
            15344.043378914255
        ],
        [
            1613174400000.0,
            16977.047947080577
        ]
    ],
    "AR": [
        [
            1611360000000.0,
            4606.054865225692
        ],
        [
            1611964800000.0,
            4929.142058938854
        ],
        [
            1612569600000.0,
            5257.2154778812655
        ],
        [
            1613174400000.0,
            5587.552784782719
        ]
    ],
    "CA": [
        [
            1611360000000.0,
            36723.51455644368
        ],
        [
            1611964800000.0,
            40302.14081102245
        ],
        [
            1612569600000.0,
            44001.637289281054
        ],
        [
            1613174400000.0,
            47750.00987022573
        ]
    ],
    "CO": [
        [
            1611360000000.0,
            5565.288101360035
        ],
        [
            1611964800000.0,
            5746.981870592617
        ],
        [
            1612569600000.0,
            5908.850971826959
        ],
        [
            1613174400000.0,
            6052.169355684688
        ]
    ],
    "CT": [
        [
            1611360000000.0,
            6921.983881381751
        ],
        [
            1611964800000.0,
            7263.589404487159
        ],
        [
            1612569600000.0,
            7613.535024070047
        ],
        [
            1613174400000.0,
            7957.805517164135
        ]
    ],
    "DE": [
        [
            1611360000000.0,
            1072.3866775822762
        ],
        [
            1611964800000.0,
            1131.476713182248
        ],
        [
            1612569600000.0,
            1192.0510547358422
        ],
        [
            1613174400000.0,
            1253.7374766604655
        ]
    ],
    "FL": [
        [
            1611360000000.0,
            25211.976978113187
        ],
        [
            1611964800000.0,
            26503.910036233654
        ],
        [
            1612569600000.0,
            27854.948962317616
        ],
        [
            1613174400000.0,
            29239.913029664203
        ]
    ],
    "GA": [
        [
            1611360000000.0,
            13073.465979469567
        ],
        [
            1611964800000.0,
            13929.524661880354
        ],
        [
            1612569600000.0,
            14845.790663279175
        ],
        [
            1613174400000.0,
            15810.85244835719
        ]
    ],
    "HI": [
        [
            1611360000000.0,
            341.6173943533776
        ],
        [
            1611964800000.0,
            366.12375555443396
        ],
        [
            1612569600000.0,
            392.48374913735086
        ],
        [
            1613174400000.0,
            420.91854506770414
        ]
    ],
    "ID": [
        [
            1611360000000.0,
            1700.2725063683715
        ],
        [
            1611964800000.0,
            1791.1141136708272
        ],
        [
            1612569600000.0,
            1876.57296533858
        ],
        [
            1613174400000.0,
            1957.1030655764262
        ]
    ],
    "IL": [
        [
            1611360000000.0,
            20836.523045786715
        ],
        [
            1611964800000.0,
            21587.853010349445
        ],
        [
            1612569600000.0,
            22263.725398731338
        ],
        [
            1613174400000.0,
            22869.952262347
        ]
    ],
    "IN": [
        [
            1611360000000.0,
            9778.26271074061
        ],
        [
            1611964800000.0,
            10240.925256316956
        ],
        [
            1612569600000.0,
            10672.49543040914
        ],
        [
            1613174400000.0,
            11068.187517599888
        ]
    ],
    "IA": [
        [
            1611360000000.0,
            4526.6624816341055
        ],
        [
            1611964800000.0,
            4709.530891279799
        ],
        [
            1612569600000.0,
            4870.814764569048
        ],
        [
            1613174400000.0,
            5012.130709653334
        ]
    ],
    "KS": [
        [
            1611360000000.0,
            3844.352891461955
        ],
        [
            1611964800000.0,
            4210.027743010881
        ],
        [
            1612569600000.0,
            4580.539045908902
        ],
        [
            1613174400000.0,
            4951.043488447083
        ]
    ],
    "KY": [
        [
            1611360000000.0,
            3308.6202689124193
        ],
        [
            1611964800000.0,
            3534.375672456505
        ],
        [
            1612569600000.0,
            3766.715118664297
        ],
        [
            1613174400000.0,
            4002.4733487888125
        ]
    ],
    "LA": [
        [
            1611360000000.0,
            8369.551531552377
        ],
        [
            1611964800000.0,
            8664.484900961977
        ],
        [
            1612569600000.0,
            8961.487769918676
        ],
        [
            1613174400000.0,
            9256.846555475391
        ]
    ],
    "ME": [
        [
            1611360000000.0,
            605.0022646643697
        ],
        [
            1611964800000.0,
            719.7018411804859
        ],
        [
            1612569600000.0,
            849.2155219864313
        ],
        [
            1613174400000.0,
            995.3449882770836
        ]
    ],
    "MD": [
        [
            1611360000000.0,
            6863.814199831629
        ],
        [
            1611964800000.0,
            7192.057723418446
        ],
        [
            1612569600000.0,
            7519.209403081777
        ],
        [
            1613174400000.0,
            7839.873258282883
        ]
    ],
    "MA": [
        [
            1611360000000.0,
            14160.642899071883
        ],
        [
            1611964800000.0,
            14762.07298036435
        ],
        [
            1612569600000.0,
            15369.634650904334
        ],
        [
            1613174400000.0,
            15968.986165881051
        ]
    ],
    "MI": [
        [
            1611360000000.0,
            15285.617721658446
        ],
        [
            1611964800000.0,
            15866.318663968996
        ],
        [
            1612569600000.0,
            16408.195956449523
        ],
        [
            1613174400000.0,
            16901.88796187039
        ]
    ],
    "MN": [
        [
            1611360000000.0,
            6205.10562891921
        ],
        [
            1611964800000.0,
            6425.974058275653
        ],
        [
            1612569600000.0,
            6620.2951107338395
        ],
        [
            1613174400000.0,
            6787.8502572387315
        ]
    ],