{
    "AL": [
        [
            1603497600000.0,
            111.96816461220708
        ],
        [
            1604102400000.0,
            115.59337383784636
        ],
        [
            1604707200000.0,
            119.72484995239546
        ],
        [
            1605312000000.0,
            124.41236604969696
        ]
    ],
    "AK": [
        [
            1603497600000.0,
            6.513479600863173
        ],
        [
            1604102400000.0,
            8.599974064328977
        ],
        [
            1604707200000.0,
            10.866661151539583
        ],
        [
            1605312000000.0,
            13.516936991712532
        ]
    ],
    "AZ": [
        [
            1603497600000.0,
            40.530639760982496
        ],
        [
            1604102400000.0,
            38.79700179638396
        ],
        [
            1604707200000.0,
            39.27514075327742
        ],
        [
            1605312000000.0,
            40.828175233316976
        ]
    ],
    "AR": [
        [
            1603497600000.0,
            150.0580119809768
        ],
        [
            1604102400000.0,
            152.81860867357702
        ],
        [
            1604707200000.0,
            154.47867009882498
        ],
        [
            1605312000000.0,
            155.0361785971227
        ]
    ],
    "CA": [
        [
            1603497600000.0,
            309.08207553853464
        ],
        [
            1604102400000.0,
            260.99411030995054
        ],
        [
            1604707200000.0,
            220.65966379080868
        ],
        [
            1605312000000.0,
            186.83483766411769
        ]
    ],
    "CO": [
        [
            1603497600000.0,
            32.80682267224804
        ],
        [
            1604102400000.0,
            36.90301447671539
        ],
        [
            1604707200000.0,
            41.63637481149143
        ],
        [
            1605312000000.0,
            47.2953691933745
        ]
    ],
    "CT": [
        [
            1603497600000.0,
            11.043601091681976
        ],
        [
            1604102400000.0,
            12.368304720341921
        ],
        [
            1604707200000.0,
            13.627541016398744
        ],
        [
            1605312000000.0,
            14.851644012697331
        ]
    ],
    "DE": [
        [
            1603497600000.0,
            14.529152037155823
        ],
        [
            1604102400000.0,
            17.191540462448096
        ],
        [
            1604707200000.0,
            19.91554448127214
        ],
        [
            1605312000000.0,
            22.68578334215763
        ]
    ],
    "FL": [
        [
            1603497600000.0,
            540.5780746108355
        ],
        [
            1604102400000.0,
            547.6883222556337
        ],
        [
            1604707200000.0,
            560.9214573561728
        ],
        [
            1605312000000.0,
            574.4892468808828
        ]
    ],
    "GA": [
        [
            1603497600000.0,
            227.149856017089
        ],
        [
            1604102400000.0,
            201.3676297599544
        ],
        [
            1604707200000.0,
            177.58179856604087
        ],
        [
            1605312000000.0,
            155.38255281345943
        ]
    ],
    "HI": [
        [
            1603497600000.0,
            11.527903451509454
        ],
        [
            1604102400000.0,
            11.87492322251105
        ],
        [
            1604707200000.0,
            11.375212915244775
        ],
        [
            1605312000000.0,
            11.9077047043697
        ]
    ],
    "ID": [
        [
            1603497600000.0,
            35.37941465548467
        ],
        [
            1604102400000.0,
            41.88446352828454
        ],
        [
            1604707200000.0,
            49.62683011076106
        ],
        [
            1605312000000.0,
            58.603495512788726
        ]
    ],
    "IL": [
        [
            1603497600000.0,
            166.45903394547324
        ],
        [
            1604102400000.0,
            171.362033439613
        ],
        [
            1604707200000.0,
            173.50186762735524
        ],
        [
            1605312000000.0,
            177.04959289539931
        ]
    ],
    "IN": [
        [
            1603497600000.0,
            140.374388058859
        ],
        [
            1604102400000.0,
            163.88213861785567
        ],
        [
            1604707200000.0,
            191.43463576334455
        ],
        [
            1605312000000.0,
            222.96662309088225
        ]
    ],
    "IA": [
        [
            1603497600000.0,
            78.00593640806856
        ],
        [
            1604102400000.0,
            80.79598677600828
        ],
        [
            1604707200000.0,
            83.51415931804462
        ],
        [
            1605312000000.0,
            85.8426193826281
        ]
    ],
    "KS": [
        [
            1603497600000.0,
            89.77671940491976
        ],
        [
            1604102400000.0,
            99.3688997959683
        ],
        [
            1604707200000.0,
            108.65407235364952
        ],
        [
            1605312000000.0,
            118.20879600504698
        ]
    ],
    "KY": [
        [
            1603497600000.0,
            74.97249633902916
        ],
        [
            1604102400000.0,
            84.47162542660436
        ],
        [
            1604707200000.0,
            96.04579828904949
        ],
        [
            1605312000000.0,
            109.84010496282043
        ]
    ],
    "LA": [
        [
            1603497600000.0,
            97.01626673067899
        ],
        [
            1604102400000.0,
            96.79812244014822
        ],
        [
            1604707200000.0,
            100.50788108383956
        ],
        [
            1605312000000.0,
            102.03197468851398
        ]
    ],
    "ME": [
        [
            1603497600000.0,
            6.068974462620174
        ],
        [
            1604102400000.0,
            7.361521284064455
        ],
        [
            1604707200000.0,
            8.500122123331765
        ],
        [
            1605312000000.0,
            9.58656484142776
        ]
    ],
    "MD": [
        [
            1603497600000.0,
            54.67351507268093
        ],
        [
            1604102400000.0,
            55.70528089420736
        ],
        [
            1604707200000.0,
            56.61314037617292
        ],
        [
            1605312000000.0,
            57.764850970245426
        ]
    ],
    "MA": [
        [
            1603497600000.0,
            103.4815636748143
        ],
        [
            1604102400000.0,
            119.37109331462776
        ],
        [
            1604707200000.0,
            138.0156955182264
        ],
        [
            1605312000000.0,
            159.66826618430406
        ]
    ],
    "MI": [
        [
            1603497600000.0,
            129.3571606301614
        ],
        [
            1604102400000.0,
            148.61620477336388
        ],
        [
            1604707200000.0,
            174.52148150202697
        ],
        [
            1605312000000.0,
            204.21629829185719
        ]
    ],
    "MN": [
        [
            1603497600000.0,
            70.2078446158482
        ],
        [
            1604102400000.0,
            72.60520693599265
        ],
        [
            1604707200000.0,
            75.06111439151042
        ],
        [
            1605312000000.0,
            77.40685346066212
        ]
    ],