{
    "AL": [
        [
            1611964800000.0,
            7220.499770873857
        ],
        [
            1612569600000.0,
            7789.633319481983
        ],
        [
            1613174400000.0,
            8350.139057346096
        ],
        [
            1613779200000.0,
            8890.53481911185
        ]
    ],
    "AK": [
        [
            1611964800000.0,
            276.2238881667274
        ],
        [
            1612569600000.0,
            293.4769950617893
        ],
        [
            1613174400000.0,
            310.89191909081904
        ],
        [
            1613779200000.0,
            328.6132749506488
        ]
    ],
    "AZ": [
        [
            1611964800000.0,
            13185.611812646579
        ],
        [
            1612569600000.0,
            14195.109436824549
        ],
        [
            1613174400000.0,
            15163.147673919326
        ],
        [
            1613779200000.0,
            16082.938202052299
        ]
    ],
    "AR": [
        [
            1611964800000.0,
            4837.146366902105
        ],
        [
            1612569600000.0,
            5102.193511085098
        ],
        [
            1613174400000.0,
            5353.448279346149
        ],
        [
            1613779200000.0,
            5590.0607451969345
        ]
    ],
    "CA": [
        [
            1611964800000.0,
            40218.16942382793
        ],
        [
            1612569600000.0,
            43650.080831668005
        ],
        [
            1613174400000.0,
            47025.240481700945
        ],
        [
            1613779200000.0,
            50289.03585682956
        ]
    ],
    "CO": [
        [
            1611964800000.0,
            5617.150781640896
        ],
        [
            1612569600000.0,
            5735.340551064744
        ],
        [
            1613174400000.0,
            5838.5135225314625
        ],
        [
            1613779200000.0,
            5928.756371636475
        ]
    ],
    "CT": [
        [
            1611964800000.0,
            7090.132008372745
        ],
        [
            1612569600000.0,
            7360.388848662468
        ],
        [
            1613174400000.0,
            7627.189340990629
        ],
        [
            1613779200000.0,
            7890.044484264928
        ]
    ],
    "DE": [
        [
            1611964800000.0,
            1081.0521886756867
        ],
        [
            1612569600000.0,
            1126.6241676183838
        ],
        [
            1613174400000.0,
            1171.7169383653827
        ],
        [
            1613779200000.0,
            1216.2665396251532
        ]
    ],
    "FL": [
        [
            1611964800000.0,
            26231.0904331584
        ],
        [
            1612569600000.0,
            27276.38685350064
        ],
        [
            1613174400000.0,
            28277.370172131454
        ],
        [
            1613779200000.0,
            29231.8266972195
        ]
    ],
    "GA": [
        [
            1611964800000.0,
            14135.581476188116
        ],
        [
            1612569600000.0,
            15084.73727625575
        ],
        [
            1613174400000.0,
            16080.946625648447
        ],
        [
            1613779200000.0,
            17110.82064935644
        ]
    ],
    "HI": [
        [
            1611964800000.0,
            349.21897143210424
        ],
        [
            1612569600000.0,
            364.903096905631
        ],
        [
            1613174400000.0,
            382.15631544079
        ],
        [
            1613779200000.0,
            401.22990105140775
        ]
    ],
    "ID": [
        [
            1611964800000.0,
            1744.9221118526475
        ],
        [
            1612569600000.0,
            1817.7628891648333
        ],
        [
            1613174400000.0,
            1884.442230597554
        ],
        [
            1613779200000.0,
            1946.1149116616705
        ]
    ],
    "IL": [
        [
            1611964800000.0,
            21335.72199004537
        ],
        [
            1612569600000.0,
            21952.75156395611
        ],
        [
            1613174400000.0,
            22504.478810835648
        ],
        [
            1613779200000.0,
            22993.880170510976
        ]
    ],
    "IN": [
        [
            1611964800000.0,
            10095.764285921165
        ],
        [
            1612569600000.0,
            10451.603879177856
        ],
        [
            1613174400000.0,
            10762.09378620686
        ],
        [
            1613779200000.0,
            11029.108813539167
        ]
    ],
    "IA": [
        [
            1611964800000.0,
            4658.347875130851
        ],
        [
            1612569600000.0,
            4809.887846884406
        ],
        [
            1613174400000.0,
            4941.478433623604
        ],
        [
            1613779200000.0,
            5055.282849503382
        ]
    ],
    "KS": [
        [
            1611964800000.0,
            3833.397133891548
        ],
        [
            1612569600000.0,
            4067.7899890902067
        ],
        [
            1613174400000.0,
            4288.717087593349
        ],
        [
            1613779200000.0,
            4495.299641183804
        ]
    ],
    "KY": [
        [
            1611964800000.0,
            3655.3083821801756
        ],
        [
            1612569600000.0,
            3938.8129340281134
        ],
        [
            1613174400000.0,
            4231.966529935666
        ],
        [
            1613779200000.0,
            4534.0216624004715
        ]
    ],
    "LA": [
        [
            1611964800000.0,
            8801.028889760166
        ],
        [
            1612569600000.0,
            9109.199756985134
        ],
        [
            1613174400000.0,
            9405.720375445751
        ],
        [
            1613779200000.0,
            9687.1398378735
        ]
    ],
    "ME": [
        [
            1611964800000.0,
            601.1804737778867
        ],
        [
            1612569600000.0,
            661.8131991778562
        ],
        [
            1613174400000.0,
            724.6355710484332
        ],
        [
            1613779200000.0,
            790.3622720651795
        ]
    ],
    "MD": [
        [
            1611964800000.0,
            7144.1994581694225
        ],
        [
            1612569600000.0,
            7445.851661867976
        ],
        [
            1613174400000.0,
            7738.350330559465
        ],
        [
            1613779200000.0,
            8017.210359884451
        ]
    ],
    "MA": [
        [
            1611964800000.0,
            14523.72221676014
        ],
        [
            1612569600000.0,
            14960.402876794551
        ],
        [
            1613174400000.0,
            15371.582237519387
        ],
        [
            1613779200000.0,
            15754.708214196256
        ]
    ],
    "MI": [
        [
            1611964800000.0,
            15701.698901744416
        ],
        [
            1612569600000.0,
            16155.94229593811
        ],
        [
            1613174400000.0,
            16551.99844740356
        ],
        [
            1613779200000.0,
            16896.3237385141
        ]
    ],
    "MN": [
        [
            1611964800000.0,
            6324.747435205805
        ],
        [
            1612569600000.0,
            6494.165906078243
        ],
        [
            1613174400000.0,
            6638.400048879522
        ],
        [
            1613779200000.0,
            6765.575317206123
        ]
    ],