{
    "AL": [
        [
            1612569600000.0,
            8272.172251868895
        ],
        [
            1613174400000.0,
            8968.816689570107
        ],
        [
            1613779200000.0,
            9642.534064656227
        ],
        [
            1614384000000.0,
            10274.329144460462
        ]
    ],
    "AK": [
        [
            1612569600000.0,
            268.66849119031764
        ],
        [
            1613174400000.0,
            275.05610551569697
        ],
        [
            1613779200000.0,
            281.6844459810921
        ],
        [
            1614384000000.0,
            288.8901368598591
        ]
    ],
    "AZ": [
        [
            1612569600000.0,
            14009.604870112771
        ],
        [
            1613174400000.0,
            14877.56553066015
        ],
        [
            1613779200000.0,
            15686.80127917386
        ],
        [
            1614384000000.0,
            16413.757028545653
        ]
    ],
    "AR": [
        [
            1612569600000.0,
            5100.9876197591275
        ],
        [
            1613174400000.0,
            5344.461734325872
        ],
        [
            1613779200000.0,
            5567.507613660899
        ],
        [
            1614384000000.0,
            5768.393923036894
        ]
    ],
    "CA": [
        [
            1612569600000.0,
            44232.53348829818
        ],
        [
            1613174400000.0,
            47714.292781270575
        ],
        [
            1613779200000.0,
            51064.976698318
        ],
        [
            1614384000000.0,
            54270.30442443837
        ]
    ],
    "CO": [
        [
            1612569600000.0,
            5774.191299001602
        ],
        [
            1613174400000.0,
            5905.564677049132
        ],
        [
            1613779200000.0,
            6017.190577911765
        ],
        [
            1614384000000.0,
            6112.065900183205
        ]
    ],
    "CT": [
        [
            1612569600000.0,
            7342.0488735397685
        ],
        [
            1613174400000.0,
            7637.187708281795
        ],
        [
            1613779200000.0,
            7922.206320726509
        ],
        [
            1614384000000.0,
            8194.524873810378
        ]
    ],
    "DE": [
        [
            1612569600000.0,
            1128.970817904777
        ],
        [
            1613174400000.0,
            1176.475478286897
        ],
        [
            1613779200000.0,
            1222.7262109802805
        ],
        [
            1614384000000.0,
            1268.0208672370711
        ]
    ],
    "FL": [
        [
            1612569600000.0,
            27378.700713504957
        ],
        [
            1613174400000.0,
            28375.534092341666
        ],
        [
            1613779200000.0,
            29342.075829977388
        ],
        [
            1614384000000.0,
            30262.768036209716
        ]
    ],
    "GA": [
        [
            1612569600000.0,
            15040.115523011536
        ],
        [
            1613174400000.0,
            15883.996231674068
        ],
        [
            1613779200000.0,
            16710.41749338357
        ],
        [
            1614384000000.0,
            17505.565786590967
        ]
    ],
    "HI": [
        [
            1612569600000.0,
            442.5539745615576
        ],
        [
            1613174400000.0,
            482.2317652384195
        ],
        [
            1613779200000.0,
            525.1532419306708
        ],
        [
            1614384000000.0,
            571.6358313852323
        ]
    ],
    "ID": [
        [
            1612569600000.0,
            1796.2694500769055
        ],
        [
            1613174400000.0,
            1861.925138747216
        ],
        [
            1613779200000.0,
            1922.2032229462804
        ],
        [
            1614384000000.0,
            1977.9898789235567
        ]
    ],
    "IL": [
        [
            1612569600000.0,
            21708.688752763217
        ],
        [
            1613174400000.0,
            22218.37204323905
        ],
        [
            1613779200000.0,
            22674.538173374614
        ],
        [
            1614384000000.0,
            23083.889204811327
        ]
    ],
    "IN": [
        [
            1612569600000.0,
            10257.865247490128
        ],
        [
            1613174400000.0,
            10504.538263839662
        ],
        [
            1613779200000.0,
            10709.136786631272
        ],
        [
            1614384000000.0,
            10880.970015620162
        ]
    ],
    "IA": [
        [
            1612569600000.0,
            4809.674158498893
        ],
        [
            1613174400000.0,
            4947.988502039814
        ],
        [
            1613779200000.0,
            5067.475334823656
        ],
        [
            1614384000000.0,
            5170.763609702412
        ]
    ],
    "KS": [
        [
            1612569600000.0,
            3954.7180446576567
        ],
        [
            1613174400000.0,
            4120.156462280385
        ],
        [
            1613779200000.0,
            4265.027744331239
        ],
        [
            1614384000000.0,
            4391.754814756301
        ]
    ],
    "KY": [
        [
            1612569600000.0,
            4009.949416122469
        ],
        [
            1613174400000.0,
            4316.23288236133
        ],
        [
            1613779200000.0,
            4629.1523599461025
        ],
        [
            1614384000000.0,
            4942.511073418427
        ]
    ],
    "LA": [
        [
            1612569600000.0,
            9085.169889539664
        ],
        [
            1613174400000.0,
            9354.70326807855
        ],
        [
            1613779200000.0,
            9607.295493888665
        ],
        [
            1614384000000.0,
            9840.152689522947
        ]
    ],
    "ME": [
        [
            1612569600000.0,
            654.64744425641
        ],
        [
            1613174400000.0,
            719.9430061910973
        ],
        [
            1613779200000.0,
            784.7791254542785
        ],
        [
            1614384000000.0,
            849.7926128158904
        ]
    ],
    "MD": [
        [
            1612569600000.0,
            7395.917123318111
        ],
        [
            1613174400000.0,
            7671.202251503957
        ],
        [
            1613779200000.0,
            7929.970666128341
        ],
        [
            1614384000000.0,
            8171.952058187177
        ]
    ],
    "MA": [
        [
            1612569600000.0,
            15020.249653949166
        ],
        [
            1613174400000.0,
            15492.747789954397
        ],
        [
            1613779200000.0,
            15951.608896659607
        ],
        [
            1614384000000.0,
            16385.940607499582
        ]
    ],
    "MI": [
        [
            1612569600000.0,
            15836.411863139077
        ],
        [
            1613174400000.0,
            16105.805984549006
        ],
        [
            1613779200000.0,
            16339.080384585715
        ],
        [
            1614384000000.0,
            16539.64119712387
        ]
    ],
    "MN": [
        [
            1612569600000.0,
            6389.0018655940075
        ],
        [
            1613174400000.0,
            6504.222647825911
        ],
        [
            1613779200000.0,
            6601.690432722107
        ],
        [
            1614384000000.0,
            6683.835440369185
        ]
    ],