{
    "AL": [
        [
            1608940800000.0,
            4739.43477072258
        ],
        [
            1609545600000.0,
            5134.784701187353
        ],
        [
            1610150400000.0,
            5578.945343851583
        ],
        [
            1610755200000.0,
            6073.859365283454
        ]
    ],
    "AK": [
        [
            1608940800000.0,
            200.5610496978444
        ],
        [
            1609545600000.0,
            217.82298977314946
        ],
        [
            1610150400000.0,
            235.99333587952125
        ],
        [
            1610755200000.0,
            255.21601340750786
        ]
    ],
    "AZ": [
        [
            1608940800000.0,
            8527.989424534164
        ],
        [
            1609545600000.0,
            9199.864654184725
        ],
        [
            1610150400000.0,
            9956.292521919811
        ],
        [
            1610755200000.0,
            10802.61305842993
        ]
    ],
    "AR": [
        [
            1608940800000.0,
            3473.5787097800007
        ],
        [
            1609545600000.0,
            3779.9253785405103
        ],
        [
            1610150400000.0,
            4100.829732967986
        ],
        [
            1610755200000.0,
            4431.292031638546
        ]
    ],
    "CA": [
        [
            1608940800000.0,
            24253.233870245967
        ],
        [
            1609545600000.0,
            26221.751817035907
        ],
        [
            1610150400000.0,
            28532.800663409136
        ],
        [
            1610755200000.0,
            31241.5952412522
        ]
    ],
    "CO": [
        [
            1608940800000.0,
            4805.0220032593425
        ],
        [
            1609545600000.0,
            5264.314561729852
        ],
        [
            1610150400000.0,
            5698.752706767456
        ],
        [
            1610755200000.0,
            6096.389878675409
        ]
    ],
    "CT": [
        [
            1608940800000.0,
            5860.6515182099765
        ],
        [
            1609545600000.0,
            6190.662494002609
        ],
        [
            1610150400000.0,
            6579.812654934982
        ],
        [
            1610755200000.0,
            7025.653579738111
        ]
    ],
    "DE": [
        [
            1608940800000.0,
            912.843322576035
        ],
        [
            1609545600000.0,
            974.6728460663749
        ],
        [
            1610150400000.0,
            1042.9981551721355
        ],
        [
            1610755200000.0,
            1118.1437697862907
        ]
    ],
    "FL": [
        [
            1608940800000.0,
            21349.672933733607
        ],
        [
            1609545600000.0,
            22281.680509983653
        ],
        [
            1610150400000.0,
            23264.505128146222
        ],
        [
            1610755200000.0,
            24288.668067296534
        ]
    ],
    "GA": [
        [
            1608940800000.0,
            10801.337492157629
        ],
        [
            1609545600000.0,
            11278.630233044876
        ],
        [
            1610150400000.0,
            11817.833817951388
        ],
        [
            1610755200000.0,
            12424.102370141276
        ]
    ],
    "HI": [
        [
            1608940800000.0,
            304.9684988805568
        ],
        [
            1609545600000.0,
            330.58387747496107
        ],
        [
            1610150400000.0,
            357.9070873118937
        ],
        [
            1610755200000.0,
            387.0058372037663
        ]
    ],
    "ID": [
        [
            1608940800000.0,
            1412.7961529354502
        ],
        [
            1609545600000.0,
            1552.1527348871198
        ],
        [
            1610150400000.0,
            1690.215263644929
        ],
        [
            1610755200000.0,
            1823.8182976843952
        ]
    ],
    "IL": [
        [
            1608940800000.0,
            17379.367454109008
        ],
        [
            1609545600000.0,
            18411.51391506116
        ],
        [
            1610150400000.0,
            19398.20197285864
        ],
        [
            1610755200000.0,
            20330.57887363828
        ]
    ],
    "IN": [
        [
            1608940800000.0,
            7879.207631493774
        ],
        [
            1609545600000.0,
            8409.374458300064
        ],
        [
            1610150400000.0,
            8912.450373843501
        ],
        [
            1610755200000.0,
            9388.922356187246
        ]
    ],
    "IA": [
        [
            1608940800000.0,
            3878.047057504752
        ],
        [
            1609545600000.0,
            4207.425765259583
        ],
        [
            1610150400000.0,
            4505.837994395755
        ],
        [
            1610755200000.0,
            4769.0661621752115
        ]
    ],
    "KS": [
        [
            1608940800000.0,
            2671.316394956625
        ],
        [
            1609545600000.0,
            3033.198904281121
        ],
        [
            1610150400000.0,
            3424.1751754522998
        ],
        [
            1610755200000.0,
            3841.153312378165
        ]
    ],
    "KY": [
        [
            1608940800000.0,
            2543.339735706124
        ],
        [
            1609545600000.0,
            2725.9906924083684
        ],
        [
            1610150400000.0,
            2916.679119437989
        ],
        [
            1610755200000.0,
            3116.0640462705687
        ]
    ],
    "LA": [
        [
            1608940800000.0,
            7189.009745503159
        ],
        [
            1609545600000.0,
            7379.6108968643275
        ],
        [
            1610150400000.0,
            7565.0341462647375
        ],
        [
            1610755200000.0,
            7744.065533298857
        ]
    ],
    "ME": [
        [
            1608940800000.0,
            351.55487009089654
        ],
        [
            1609545600000.0,
            424.24482029410376
        ],
        [
            1610150400000.0,
            513.2020729703942
        ],
        [
            1610755200000.0,
            621.071536555805
        ]
    ],
    "MD": [
        [
            1608940800000.0,
            5702.742837093978
        ],
        [
            1609545600000.0,
            6006.508303432781
        ],
        [
            1610150400000.0,
            6317.404426271965
        ],
        [
            1610755200000.0,
            6629.6213697022695
        ]
    ],
    "MA": [
        [
            1608940800000.0,
            12084.63957645668
        ],
        [
            1609545600000.0,
            12571.342525831496
        ],
        [
            1610150400000.0,
            13113.611898684641
        ],
        [
            1610755200000.0,
            13719.296699173552
        ]
    ],
    "MI": [
        [
            1608940800000.0,
            12971.374960473597
        ],
        [
            1609545600000.0,
            13833.746503098799
        ],
        [
            1610150400000.0,
            14652.769603724832
        ],
        [
            1610755200000.0,
            15402.331721725766
        ]
    ],
    "MN": [
        [
            1608940800000.0,
            5263.971874663512
        ],
        [
            1609545600000.0,
            5676.834098538684
        ],
        [
            1610150400000.0,
            6065.575566820782
        ],
        [
            1610755200000.0,
            6428.854840342658
        ]
    ],