{
    "AL": [
        [
            1605916800000.0,
            3422.2184900989205
        ],
        [
            1606521600000.0,
            3624.451890400812
        ],
        [
            1607126400000.0,
            3853.6122828856496
        ],
        [
            1607731200000.0,
            4112.8469879516215
        ]
    ],
    "AK": [
        [
            1605916800000.0,
            112.95979356382617
        ],
        [
            1606521600000.0,
            131.94002901494528
        ],
        [
            1607126400000.0,
            156.09734526534442
        ],
        [
            1607731200000.0,
            186.4543429588333
        ]
    ],
    "AZ": [
        [
            1605916800000.0,
            6455.311085394433
        ],
        [
            1606521600000.0,
            6625.136378824712
        ],
        [
            1607126400000.0,
            6807.498378218311
        ],
        [
            1607731200000.0,
            7000.995906974909
        ]
    ],
    "AR": [
        [
            1605916800000.0,
            2285.985299223845
        ],
        [
            1606521600000.0,
            2409.997023805297
        ],
        [
            1607126400000.0,
            2530.3051925720665
        ],
        [
            1607731200000.0,
            2646.6188765648803
        ]
    ],
    "CA": [
        [
            1605916800000.0,
            18626.326623115023
        ],
        [
            1606521600000.0,
            19013.743732503703
        ],
        [
            1607126400000.0,
            19418.15951739854
        ],
        [
            1607731200000.0,
            19842.236237987985
        ]
    ],
    "CO": [
        [
            1605916800000.0,
            2670.531917288853
        ],
        [
            1606521600000.0,
            2850.149049266078
        ],
        [
            1607126400000.0,
            3067.6563574429033
        ],
        [
            1607731200000.0,
            3325.744360199653
        ]
    ],
    "CT": [
        [
            1605916800000.0,
            4821.691580133554
        ],
        [
            1606521600000.0,
            4922.378632884204
        ],
        [
            1607126400000.0,
            5043.186332446728
        ],
        [
            1607731200000.0,
            5187.606457766057
        ]
    ],
    "DE": [
        [
            1605916800000.0,
            760.9739989849098
        ],
        [
            1606521600000.0,
            789.5833434960417
        ],
        [
            1607126400000.0,
            821.6779885543738
        ],
        [
            1607731200000.0,
            857.3337203123723
        ]
    ],
    "FL": [
        [
            1605916800000.0,
            17804.026290323574
        ],
        [
            1606521600000.0,
            18080.407847527276
        ],
        [
            1607126400000.0,
            18322.116747369462
        ],
        [
            1607731200000.0,
            18532.60813096304
        ]
    ],
    "GA": [
        [
            1605916800000.0,
            9332.107633534317
        ],
        [
            1606521600000.0,
            9722.423073164486
        ],
        [
            1607126400000.0,
            10122.737137287868
        ],
        [
            1607731200000.0,
            10529.784397394971
        ]
    ],
    "HI": [
        [
            1605916800000.0,
            226.1536150318039
        ],
        [
            1606521600000.0,
            230.70262723398585
        ],
        [
            1607126400000.0,
            235.5772392041518
        ],
        [
            1607731200000.0,
            240.98297914106132
        ]
    ],
    "ID": [
        [
            1605916800000.0,
            847.310535480252
        ],
        [
            1606521600000.0,
            950.83224001858
        ],
        [
            1607126400000.0,
            1069.7698251043678
        ],
        [
            1607731200000.0,
            1204.0322085240805
        ]
    ],
    "IL": [
        [
            1605916800000.0,
            11674.915514055449
        ],
        [
            1606521600000.0,
            12359.404801896468
        ],
        [
            1607126400000.0,
            13154.658381131121
        ],
        [
            1607731200000.0,
            14068.032386855715
        ]
    ],
    "IN": [
        [
            1605916800000.0,
            5225.243661202046
        ],
        [
            1606521600000.0,
            5626.42035449908
        ],
        [
            1607126400000.0,
            6097.758042730446
        ],
        [
            1607731200000.0,
            6649.8461763027335
        ]
    ],
    "IA": [
        [
            1605916800000.0,
            2127.3541050594195
        ],
        [
            1606521600000.0,
            2283.71405518046
        ],
        [
            1607126400000.0,
            2454.589465124602
        ],
        [
            1607731200000.0,
            2640.928509819433
        ]
    ],
    "KS": [
        [
            1605916800000.0,
            1284.0792078078475
        ],
        [
            1606521600000.0,
            1389.4840933464566
        ],
        [
            1607126400000.0,
            1499.5154039294007
        ],
        [
            1607731200000.0,
            1614.042863849878
        ]
    ],
    "KY": [
        [
            1605916800000.0,
            1773.2710740576829
        ],
        [
            1606521600000.0,
            1904.2971879557047
        ],
        [
            1607126400000.0,
            2052.8452460118565
        ],
        [
            1607731200000.0,
            2221.22221749087
        ]
    ],
    "LA": [
        [
            1605916800000.0,
            6250.096960212278
        ],
        [
            1606521600000.0,
            6386.616564669558
        ],
        [
            1607126400000.0,
            6528.645650212928
        ],
        [
            1607731200000.0,
            6674.7769675497775
        ]
    ],
    "ME": [
        [
            1605916800000.0,
            178.84285341548468
        ],
        [
            1606521600000.0,
            198.36675755514756
        ],
        [
            1607126400000.0,
            222.09599397184127
        ],
        [
            1607731200000.0,
            251.96258696656275
        ]
    ],
    "MD": [
        [
            1605916800000.0,
            4382.651958401011
        ],
        [
            1606521600000.0,
            4486.486285910995
        ],
        [
            1607126400000.0,
            4606.078404313184
        ],
        [
            1607731200000.0,
            4744.511751948094
        ]
    ],
    "MA": [
        [
            1605916800000.0,
            10471.733536362875
        ],
        [
            1606521600000.0,
            10674.903050268364
        ],
        [
            1607126400000.0,
            10900.859051528925
        ],
        [
            1607731200000.0,
            11149.072013361467
        ]
    ],
    "MI": [
        [
            1605916800000.0,
            8832.938200170685
        ],
        [
            1606521600000.0,
            9402.035656431695
        ],
        [
            1607126400000.0,
            10099.35390104799
        ],
        [
            1607731200000.0,
            10947.838950982226
        ]
    ],
    "MN": [
        [
            1605916800000.0,
            3170.153077909022
        ],
        [
            1606521600000.0,
            3453.546359294993
        ],
        [
            1607126400000.0,
            3785.228407573159
        ],
        [
            1607731200000.0,
            4168.096655071078
        ]
    ],