{
    "AL": [
        [
            1616198400000.0,
            171.82503807836497
        ],
        [
            1616803200000.0,
            145.48907531761571
        ],
        [
            1617408000000.0,
            126.26831010069074
        ],
        [
            1618012800000.0,
            112.96917481329326
        ]
    ],
    "AK": [
        [
            1616198400000.0,
            0.0
        ],
        [
            1616803200000.0,
            0.0
        ],
        [
            1617408000000.0,
            0.0
        ],
        [
            1618012800000.0,
            0.0
        ]
    ],
    "AZ": [
        [
            1616198400000.0,
            207.40082358265548
        ],
        [
            1616803200000.0,
            152.69694103273017
        ],
        [
            1617408000000.0,
            111.24625125818984
        ],
        [
            1618012800000.0,
            77.61120212382991
        ]
    ],
    "AR": [
        [
            1616198400000.0,
            108.9370525573668
        ],
        [
            1616803200000.0,
            94.67605065965702
        ],
        [
            1617408000000.0,
            84.06884253060771
        ],
        [
            1618012800000.0,
            76.21593389256782
        ]
    ],
    "CA": [
        [
            1616198400000.0,
            1964.0091216390867
        ],
        [
            1616803200000.0,
            1711.585126205586
        ],
        [
            1617408000000.0,
            1479.6028500141622
        ],
        [
            1618012800000.0,
            1270.6149789550325
        ]
    ],
    "CO": [
        [
            1616198400000.0,
            47.11324951761773
        ],
        [
            1616803200000.0,
            45.30773649688816
        ],
        [
            1617408000000.0,
            43.04124489660195
        ],
        [
            1618012800000.0,
            42.4118474754535
        ]
    ],
    "CT": [
        [
            1616198400000.0,
            58.3015949703227
        ],
        [
            1616803200000.0,
            54.588529369506425
        ],
        [
            1617408000000.0,
            51.53474912870976
        ],
        [
            1618012800000.0,
            49.04542154024348
        ]
    ],
    "DE": [
        [
            1616198400000.0,
            26.642542359398604
        ],
        [
            1616803200000.0,
            24.569917928569545
        ],
        [
            1617408000000.0,
            22.65331758768496
        ],
        [
            1618012800000.0,
            20.83234770162081
        ]
    ],
    "FL": [
        [
            1616198400000.0,
            556.3937961604294
        ],
        [
            1616803200000.0,
            499.5018993863631
        ],
        [
            1617408000000.0,
            449.6662272712943
        ],
        [
            1618012800000.0,
            408.3999974057277
        ]
    ],
    "GA": [
        [
            1616198400000.0,
            324.09799759622126
        ],
        [
            1616803200000.0,
            286.08625303373395
        ],
        [
            1617408000000.0,
            254.4861591321539
        ],
        [
            1618012800000.0,
            232.18223654500915
        ]
    ],
    "HI": [
        [
            1616198400000.0,
            4.415094703035434
        ],
        [
            1616803200000.0,
            4.8775960564163805
        ],
        [
            1617408000000.0,
            4.521861527724414
        ],
        [
            1618012800000.0,
            4.341206099518281
        ]
    ],
    "ID": [
        [
            1616198400000.0,
            22.933423700818437
        ],
        [
            1616803200000.0,
            23.369228715839068
        ],
        [
            1617408000000.0,
            23.96445316535036
        ],
        [
            1618012800000.0,
            25.05121968190938
        ]
    ],
    "IL": [
        [
            1616198400000.0,
            196.6845535299825
        ],
        [
            1616803200000.0,
            167.2148217470191
        ],
        [
            1617408000000.0,
            147.04777350510025
        ],
        [
            1618012800000.0,
            124.25730884913652
        ]
    ],
    "IN": [
        [
            1616198400000.0,
            108.87184965880893
        ],
        [
            1616803200000.0,
            91.10734135722925
        ],
        [
            1617408000000.0,
            75.0153684175052
        ],
        [
            1618012800000.0,
            63.795831732502336
        ]
    ],
    "IA": [
        [
            1616198400000.0,
            68.2846517394598
        ],
        [
            1616803200000.0,
            60.208031489275214
        ],
        [
            1617408000000.0,
            54.18749836816797
        ],
        [
            1618012800000.0,
            50.05269873866495
        ]
    ],
    "KS": [
        [
            1616198400000.0,
            82.36743777549509
        ],
        [
            1616803200000.0,
            69.90824865810202
        ],
        [
            1617408000000.0,
            59.3954001522749
        ],
        [
            1618012800000.0,
            50.96525239106573
        ]
    ],
    "KY": [
        [
            1616198400000.0,
            141.95384348186417
        ],
        [
            1616803200000.0,
            122.05290160242076
        ],
        [
            1617408000000.0,
            106.09883556532704
        ],
        [
            1618012800000.0,
            93.4116135810026
        ]
    ],
    "LA": [
        [
            1616198400000.0,
            108.00656850064289
        ],
        [
            1616803200000.0,
            92.7331568772894
        ],
        [
            1617408000000.0,
            82.55210625556032
        ],
        [
            1618012800000.0,
            78.09136990995968
        ]
    ],
    "ME": [
        [
            1616198400000.0,
            19.17299453532689
        ],
        [
            1616803200000.0,
            19.28387006077152
        ],
        [
            1617408000000.0,
            19.556556751881416
        ],
        [
            1618012800000.0,
            20.472750944529
        ]
    ],
    "MD": [
        [
            1616198400000.0,
            98.75701229826608
        ],
        [
            1616803200000.0,
            84.3554269412088
        ],
        [
            1617408000000.0,
            71.05677378969882
        ],
        [
            1618012800000.0,
            62.375268325969785
        ]
    ],
    "MA": [
        [
            1616198400000.0,
            266.7691518809568
        ],
        [
            1616803200000.0,
            245.88226006191263
        ],
        [
            1617408000000.0,
            221.1773741136257
        ],
        [
            1618012800000.0,
            202.73804294106995
        ]
    ],
    "MI": [
        [
            1616198400000.0,
            114.56871939763084
        ],
        [
            1616803200000.0,
            94.6452534123836
        ],
        [
            1617408000000.0,
            82.5801746660868
        ],
        [
            1618012800000.0,
            71.55722840573178
        ]
    ],
    "MN": [
        [
            1616198400000.0,
            77.87840228427123
        ],
        [
            1616803200000.0,
            70.83099022231286
        ],
        [
            1617408000000.0,
            62.19549904783699
        ],
        [
            1618012800000.0,
            57.18160373462376
        ]
    ],