{
    "AL": [
        [
            1616803200000.0,
            10529.651777047966
        ],
        [
            1617408000000.0,
            10600.090801683742
        ],
        [
            1618012800000.0,
            10653.787655886585
        ],
        [
            1618617600000.0,
            10695.269665162275
        ]
    ],
    "AK": [
        [
            1616803200000.0,
            310.0
        ],
        [
            1617408000000.0,
            310.0
        ],
        [
            1618012800000.0,
            310.0
        ],
        [
            1618617600000.0,
            310.0
        ]
    ],
    "AZ": [
        [
            1616803200000.0,
            16892.360772686323
        ],
        [
            1617408000000.0,
            17007.196168641447
        ],
        [
            1618012800000.0,
            17086.59439132098
        ],
        [
            1618617600000.0,
            17140.004365664325
        ]
    ],
    "AR": [
        [
            1616803200000.0,
            5588.804706005679
        ],
        [
            1617408000000.0,
            5633.142171446052
        ],
        [
            1618012800000.0,
            5669.142567977094
        ],
        [
            1618617600000.0,
            5698.305828933185
        ]
    ],
    "CA": [
        [
            1616803200000.0,
            58493.36622928948
        ],
        [
            1617408000000.0,
            59370.914853423616
        ],
        [
            1618012800000.0,
            60104.59121942552
        ],
        [
            1618617600000.0,
            60732.9468984121
        ]
    ],
    "CO": [
        [
            1616803200000.0,
            6099.502108260805
        ],
        [
            1617408000000.0,
            6129.534288000892
        ],
        [
            1618012800000.0,
            6159.3273192003535
        ],
        [
            1618617600000.0,
            6189.003093937257
        ]
    ],
    "CT": [
        [
            1616803200000.0,
            7899.638097160832
        ],
        [
            1617408000000.0,
            7962.939034778183
        ],
        [
            1618012800000.0,
            8024.32877484114
        ],
        [
            1618617600000.0,
            8081.491983034602
        ]
    ],
    "DE": [
        [
            1616803200000.0,
            1540.0605416467151
        ],
        [
            1617408000000.0,
            1553.2028227479864
        ],
        [
            1618012800000.0,
            1565.8267200756177
        ],
        [
            1618617600000.0,
            1578.1872968569628
        ]
    ],
    "FL": [
        [
            1616803200000.0,
            33201.682365675806
        ],
        [
            1617408000000.0,
            33644.92280939409
        ],
        [
            1618012800000.0,
            34050.32221289567
        ],
        [
            1618617600000.0,
            34431.64355344664
        ]
    ],
    "GA": [
        [
            1616803200000.0,
            18848.42138575436
        ],
        [
            1617408000000.0,
            19129.06961321676
        ],
        [
            1618012800000.0,
            19380.13644641536
        ],
        [
            1618617600000.0,
            19612.037011527824
        ]
    ],
    "HI": [
        [
            1616803200000.0,
            452.0
        ],
        [
            1617408000000.0,
            452.0
        ],
        [
            1618012800000.0,
            452.0
        ],
        [
            1618617600000.0,
            452.0
        ]
    ],
    "ID": [
        [
            1616803200000.0,
            1961.715875108036
        ],
        [
            1617408000000.0,
            1984.2920540636812
        ],
        [
            1618012800000.0,
            2010.2508615120428
        ],
        [
            1618617600000.0,
            2040.643520651846
        ]
    ],
    "IL": [
        [
            1616803200000.0,
            23455.45270971594
        ],
        [
            1617408000000.0,
            23550.022698422646
        ],
        [
            1618012800000.0,
            23617.52333741879
        ],
        [
            1618617600000.0,
            23666.04894771736
        ]
    ],
    "IN": [
        [
            1616803200000.0,
            12985.36464041654
        ],
        [
            1617408000000.0,
            13038.02026786679
        ],
        [
            1618012800000.0,
            13086.927309446652
        ],
        [
            1618617600000.0,
            13129.526965570973
        ]
    ],
    "IA": [
        [
            1616803200000.0,
            5705.108099861206
        ],
        [
            1617408000000.0,
            5730.930671459749
        ],
        [
            1618012800000.0,
            5752.565607188179
        ],
        [
            1618617600000.0,
            5770.907662871442
        ]
    ],
    "KS": [
        [
            1616803200000.0,
            4808.913849070921
        ],
        [
            1617408000000.0,
            4815.857248654423
        ],
        [
            1618012800000.0,
            4819.694129038772
        ],
        [
            1618617600000.0,
            4821.403772095978
        ]
    ],
    "KY": [
        [
            1616803200000.0,
            5859.179965050668
        ],
        [
            1617408000000.0,
            5984.251593531605
        ],
        [
            1618012800000.0,
            6099.547919389493
        ],
        [
            1618617600000.0,
            6209.267127365108
        ]
    ],
    "LA": [
        [
            1616803200000.0,
            10075.078945191586
        ],
        [
            1617408000000.0,
            10152.091793657311
        ],
        [
            1618012800000.0,
            10228.368467942948
        ],
        [
            1618617600000.0,
            10310.832898615789
        ]
    ],
    "ME": [
        [
            1616803200000.0,
            741.1673748688706
        ],
        [
            1617408000000.0,
            754.7370454338682
        ],
        [
            1618012800000.0,
            768.592557168556
        ],
        [
            1618617600000.0,
            783.4135972715972
        ]
    ],
    "MD": [
        [
            1616803200000.0,
            8266.27325865979
        ],
        [
            1617408000000.0,
            8365.466189772222
        ],
        [
            1618012800000.0,
            8463.840481887268
        ],
        [
            1618617600000.0,
            8566.29792503625
        ]
    ],
    "MA": [
        [
            1616803200000.0,
            17059.515922863786
        ],
        [
            1617408000000.0,
            17264.720966269557
        ],
        [
            1618012800000.0,
            17451.186493962352
        ],
        [
            1618617600000.0,
            17621.48564635296
        ]
    ],
    "MI": [
        [
            1616803200000.0,
            17072.594808832167
        ],
        [
            1617408000000.0,
            17274.16246250082
        ],
        [
            1618012800000.0,
            17547.018265272527
        ],
        [
            1618617600000.0,
            17994.122100228964
        ]
    ],
    "MN": [
        [
            1616803200000.0,
            6879.974248943541
        ],
        [
            1617408000000.0,
            6914.092057219486
        ],
        [
            1618012800000.0,
            6951.143436899771
        ],
        [
            1618617600000.0,
            6993.71238960308
        ]
    ],