{
    "AL": [
        [
            1601683200000.0,
            2608.103115899351
        ],
        [
            1602288000000.0,
            2719.3839811614803
        ],
        [
            1602892800000.0,
            2835.2859973371806
        ],
        [
            1603497600000.0,
            2954.288209258881
        ]
    ],
    "AK": [
        [
            1601683200000.0,
            55.52465423696229
        ],
        [
            1602288000000.0,
            66.82497517074157
        ],
        [
            1602892800000.0,
            83.76128460366918
        ],
        [
            1603497600000.0,
            100.63295983198843
        ]
    ],
    "AZ": [
        [
            1601683200000.0,
            5830.440526420865
        ],
        [
            1602288000000.0,
            6055.0249659124975
        ],
        [
            1602892800000.0,
            6303.630861960597
        ],
        [
            1603497600000.0,
            6577.982463051376
        ]
    ],
    "AR": [
        [
            1601683200000.0,
            1409.8092000001886
        ],
        [
            1602288000000.0,
            1550.7628288409448
        ],
        [
            1602892800000.0,
            1710.7414081630036
        ],
        [
            1603497600000.0,
            1891.833533137316
        ]
    ],
    "CA": [
        [
            1601683200000.0,
            16269.873891881824
        ],
        [
            1602288000000.0,
            17018.77788843619
        ],
        [
            1602892800000.0,
            17859.63586832969
        ],
        [
            1603497600000.0,
            18810.552509318302
        ]
    ],
    "CO": [
        [
            1601683200000.0,
            2054.6209192087804
        ],
        [
            1602288000000.0,
            2072.306480008915
        ],
        [
            1602892800000.0,
            2091.77608822874
        ],
        [
            1603497600000.0,
            2110.316016453476
        ]
    ],
    "CT": [
        [
            1601683200000.0,
            4513.034516115743
        ],
        [
            1602288000000.0,
            4526.331267267196
        ],
        [
            1602892800000.0,
            4540.144559719909
        ],
        [
            1603497600000.0,
            4552.080084354524
        ]
    ],
    "DE": [
        [
            1601683200000.0,
            645.8591966980587
        ],
        [
            1602288000000.0,
            660.2553959925083
        ],
        [
            1602892800000.0,
            674.9179423112133
        ],
        [
            1603497600000.0,
            687.1860200516345
        ]
    ],
    "FL": [
        [
            1601683200000.0,
            14882.531739925971
        ],
        [
            1602288000000.0,
            15828.932493206894
        ],
        [
            1602892800000.0,
            16828.23652507626
        ],
        [
            1603497600000.0,
            17842.54384354035
        ]
    ],
    "GA": [
        [
            1601683200000.0,
            7217.666471017154
        ],
        [
            1602288000000.0,
            7526.976714275559
        ],
        [
            1602892800000.0,
            7846.072690453589
        ],
        [
            1603497600000.0,
            8175.380526497051
        ]
    ],
    "HI": [
        [
            1601683200000.0,
            157.79631124862453
        ],
        [
            1602288000000.0,
            191.49939875649838
        ],
        [
            1602892800000.0,
            229.28097665504023
        ],
        [
            1603497600000.0,
            270.6669973742068
        ]
    ],
    "ID": [
        [
            1601683200000.0,
            496.68405195311766
        ],
        [
            1602288000000.0,
            538.9586765517624
        ],
        [
            1602892800000.0,
            586.5629818557261
        ],
        [
            1603497600000.0,
            638.271990888926
        ]
    ],
    "IL": [
        [
            1601683200000.0,
            9017.48946889548
        ],
        [
            1602288000000.0,
            9204.577997279514
        ],
        [
            1602892800000.0,
            9389.661574859723
        ],
        [
            1603497600000.0,
            9570.87312113271
        ]
    ],
    "IN": [
        [
            1601683200000.0,
            3668.831360334137
        ],
        [
            1602288000000.0,
            3758.8425332037104
        ],
        [
            1602892800000.0,
            3848.9567557367122
        ],
        [
            1603497600000.0,
            3935.5924865180395
        ]
    ],
    "IA": [
        [
            1601683200000.0,
            1367.6384838849322
        ],
        [
            1602288000000.0,
            1424.4509059763075
        ],
        [
            1602892800000.0,
            1482.6034711457812
        ],
        [
            1603497600000.0,
            1539.1336491676088
        ]
    ],
    "KS": [
        [
            1601683200000.0,
            662.4627582849888
        ],
        [
            1602288000000.0,
            691.8033467430063
        ],
        [
            1602892800000.0,
            721.8584919857899
        ],
        [
            1603497600000.0,
            749.9626039399537
        ]
    ],
    "KY": [
        [
            1601683200000.0,
            1209.9514527196195
        ],
        [
            1602288000000.0,
            1267.9383447971366
        ],
        [
            1602892800000.0,
            1327.4520162768156
        ],
        [
            1603497600000.0,
            1385.4679775590182
        ]
    ],
    "LA": [
        [
            1601683200000.0,
            5554.3775485831
        ],
        [
            1602288000000.0,
            5662.691576433398
        ],
        [
            1602892800000.0,
            5771.133438791212
        ],
        [
            1603497600000.0,
            5879.121716024283
        ]
    ],
    "ME": [
        [
            1601683200000.0,
            144.85773388875342
        ],
        [
            1602288000000.0,
            151.6689645383699
        ],
        [
            1602892800000.0,
            159.1839969228739
        ],
        [
            1603497600000.0,
            164.625736002112
        ]
    ],
    "MD": [
        [
            1601683200000.0,
            3987.708380285705
        ],
        [
            1602288000000.0,
            4052.870847408623
        ],
        [
            1602892800000.0,
            4119.340544374199
        ],
        [
            1603497600000.0,
            4184.44715766661
        ]
    ],
    "MA": [
        [
            1601683200000.0,
            9519.236006821056
        ],
        [
            1602288000000.0,
            9652.910649459744
        ],
        [
            1602892800000.0,
            9792.359811841137
        ],
        [
            1603497600000.0,
            9935.132676586603
        ]
    ],
    "MI": [
        [
            1601683200000.0,
            7121.7558247967545
        ],
        [
            1602288000000.0,
            7199.233988875093
        ],
        [
            1602892800000.0,
            7278.425604985779
        ],
        [
            1603497600000.0,
            7356.796835412177
        ]
    ],
    "MN": [
        [
            1601683200000.0,
            2097.8489823909567
        ],
        [
            1602288000000.0,
            2142.510078303973
        ],
        [
            1602892800000.0,
            2189.107085011597
        ],
        [
            1603497600000.0,
            2235.8148142288305
        ]
    ],