{
    "AL": [
        [
            1605312000000.0,
            3222.078530053185
        ],
        [
            1605916800000.0,
            3382.8844866206664
        ],
        [
            1606521600000.0,
            3566.2443554107244
        ],
        [
            1607126400000.0,
            3773.52555511906
        ]
    ],
    "AK": [
        [
            1605312000000.0,
            86.04541993502146
        ],
        [
            1605916800000.0,
            88.30726510504743
        ],
        [
            1606521600000.0,
            91.13002518173263
        ],
        [
            1607126400000.0,
            94.6860274916769
        ]
    ],
    "AZ": [
        [
            1605312000000.0,
            6337.801299453683
        ],
        [
            1605916800000.0,
            6569.946554866933
        ],
        [
            1606521600000.0,
            6857.307983732541
        ],
        [
            1607126400000.0,
            7191.687161304425
        ]
    ],
    "AR": [
        [
            1605312000000.0,
            2215.449079603662
        ],
        [
            1605916800000.0,
            2363.82320571542
        ],
        [
            1606521600000.0,
            2512.367626190341
        ],
        [
            1607126400000.0,
            2660.438396389179
        ]
    ],
    "CA": [
        [
            1605312000000.0,
            18152.636299197256
        ],
        [
            1605916800000.0,
            18317.20489501971
        ],
        [
            1606521600000.0,
            18456.54943120896
        ],
        [
            1607126400000.0,
            18576.06141250938
        ]
    ],
    "CO": [
        [
            1605312000000.0,
            2495.971659802802
        ],
        [
            1605916800000.0,
            2624.640214807285
        ],
        [
            1606521600000.0,
            2778.904013009421
        ],
        [
            1607126400000.0,
            2962.387069600112
        ]
    ],
    "CT": [
        [
            1605312000000.0,
            4739.0997291168605
        ],
        [
            1605916800000.0,
            4820.243983018658
        ],
        [
            1606521600000.0,
            4915.3221988435935
        ],
        [
            1607126400000.0,
            5028.502181331998
        ]
    ],
    "DE": [
        [
            1605312000000.0,
            729.6315411771252
        ],
        [
            1605916800000.0,
            744.9861436575667
        ],
        [
            1606521600000.0,
            761.8253277267047
        ],
        [
            1607126400000.0,
            780.3047995412119
        ]
    ],
    "FL": [
        [
            1605312000000.0,
            17490.486481955457
        ],
        [
            1605916800000.0,
            17859.955024843726
        ],
        [
            1606521600000.0,
            18210.80276556155
        ],
        [
            1607126400000.0,
            18545.43444717212
        ]
    ],
    "GA": [
        [
            1605312000000.0,
            8350.31015233048
        ],
        [
            1605916800000.0,
            8488.342008381083
        ],
        [
            1606521600000.0,
            8607.567643989094
        ],
        [
            1607126400000.0,
            8710.335342228522
        ]
    ],
    "HI": [
        [
            1605312000000.0,
            226.19621263618146
        ],
        [
            1605916800000.0,
            232.49299831251358
        ],
        [
            1606521600000.0,
            239.81261089021
        ],
        [
            1607126400000.0,
            247.12968716547263
        ]
    ],
    "ID": [
        [
            1605312000000.0,
            754.5554362600748
        ],
        [
            1605916800000.0,
            839.3922204416413
        ],
        [
            1606521600000.0,
            938.3925142842003
        ],
        [
            1607126400000.0,
            1052.1817528618574
        ]
    ],
    "IL": [
        [
            1605312000000.0,
            10933.601304292228
        ],
        [
            1605916800000.0,
            11446.749323786684
        ],
        [
            1606521600000.0,
            12041.848280769109
        ],
        [
            1607126400000.0,
            12735.666529022652
        ]
    ],
    "IN": [
        [
            1605312000000.0,
            4883.144678929386
        ],
        [
            1605916800000.0,
            5231.513489525974
        ],
        [
            1606521600000.0,
            5645.011127532193
        ],
        [
            1607126400000.0,
            6128.952237975727
        ]
    ],
    "IA": [
        [
            1605312000000.0,
            1987.471593569961
        ],
        [
            1605916800000.0,
            2161.466993085327
        ],
        [
            1606521600000.0,
            2366.14590207512
        ],
        [
            1607126400000.0,
            2611.495068733037
        ]
    ],
    "KS": [
        [
            1605312000000.0,
            1193.91884765986
        ],
        [
            1605916800000.0,
            1295.4687459286647
        ],
        [
            1606521600000.0,
            1402.128876302071
        ],
        [
            1607126400000.0,
            1513.3748969583048
        ]
    ],
    "KY": [
        [
            1605312000000.0,
            1662.6629533946466
        ],
        [
            1605916800000.0,
            1777.9550099889886
        ],
        [
            1606521600000.0,
            1909.1192206035607
        ],
        [
            1607126400000.0,
            2058.719431254908
        ]
    ],
    "LA": [
        [
            1605312000000.0,
            6125.9993317376975
        ],
        [
            1605916800000.0,
            6236.578412698608
        ],
        [
            1606521600000.0,
            6347.532482962912
        ],
        [
            1607126400000.0,
            6457.993251042762
        ]
    ],
    "ME": [
        [
            1605312000000.0,
            159.81216726465496
        ],
        [
            1605916800000.0,
            170.49941894643456
        ],
        [
            1606521600000.0,
            182.9188451830588
        ],
        [
            1607126400000.0,
            197.3178750250892
        ]
    ],
    "MD": [
        [
            1605312000000.0,
            4266.869870992696
        ],
        [
            1605916800000.0,
            4341.033308656167
        ],
        [
            1606521600000.0,
            4425.348502614213
        ],
        [
            1607126400000.0,
            4521.062374314942
        ]
    ],
    "MA": [
        [
            1605312000000.0,
            10288.690166207112
        ],
        [
            1605916800000.0,
            10472.016815883537
        ],
        [
            1606521600000.0,
            10681.322138517959
        ],
        [
            1607126400000.0,
            10918.022416509928
        ]
    ],
    "MI": [
        [
            1605312000000.0,
            8228.693452473639
        ],
        [
            1605916800000.0,
            8576.767648919567
        ],
        [
            1606521600000.0,
            9003.549981438257
        ],
        [
            1607126400000.0,
            9517.919130104992
        ]
    ],
    "MN": [
        [
            1605312000000.0,
            2850.445114831551
        ],
        [
            1605916800000.0,
            3055.5524143629304
        ],
        [
            1606521600000.0,
            3302.3378433320354
        ],
        [
            1607126400000.0,
            3596.7809626140993
        ]
    ],