{
    "AL": [
        [
            1604102400000.0,
            96.70350074982107
        ],
        [
            1604707200000.0,
            110.52655243456243
        ],
        [
            1605312000000.0,
            126.22360213999198
        ],
        [
            1605916800000.0,
            143.98595490001
        ]
    ],
    "AK": [
        [
            1604102400000.0,
            1.9309537707490627
        ],
        [
            1604707200000.0,
            2.3183891016597094
        ],
        [
            1605312000000.0,
            2.33312288538816
        ],
        [
            1605916800000.0,
            2.1052022808006114
        ]
    ],
    "AZ": [
        [
            1604102400000.0,
            33.99067566482205
        ],
        [
            1604707200000.0,
            34.232444265122574
        ],
        [
            1605312000000.0,
            34.59095743559322
        ],
        [
            1605916800000.0,
            35.182285108627696
        ]
    ],
    "AR": [
        [
            1604102400000.0,
            131.51260311155824
        ],
        [
            1604707200000.0,
            130.92169320655705
        ],
        [
            1605312000000.0,
            129.63246475599
        ],
        [
            1605916800000.0,
            127.53938086655235
        ]
    ],
    "CA": [
        [
            1604102400000.0,
            413.6212420665266
        ],
        [
            1604707200000.0,
            432.04958833524137
        ],
        [
            1605312000000.0,
            457.01489116843834
        ],
        [
            1605916800000.0,
            490.961091666316
        ]
    ],
    "CO": [
        [
            1604102400000.0,
            46.71866157880766
        ],
        [
            1604707200000.0,
            50.48492321498931
        ],
        [
            1605312000000.0,
            54.69883159552097
        ],
        [
            1605916800000.0,
            59.248047052296066
        ]
    ],
    "CT": [
        [
            1604102400000.0,
            42.061987208411814
        ],
        [
            1604707200000.0,
            47.58900106576104
        ],
        [
            1605312000000.0,
            55.35598145393545
        ],
        [
            1605916800000.0,
            62.078415104769604
        ]
    ],
    "DE": [
        [
            1604102400000.0,
            21.44816362031701
        ],
        [
            1604707200000.0,
            23.36442262502038
        ],
        [
            1605312000000.0,
            25.081174361871234
        ],
        [
            1605916800000.0,
            26.54146127211213
        ]
    ],
    "FL": [
        [
            1604102400000.0,
            528.6975553122483
        ],
        [
            1604707200000.0,
            534.957057614424
        ],
        [
            1605312000000.0,
            542.0793658724637
        ],
        [
            1605916800000.0,
            542.8138606201476
        ]
    ],
    "GA": [
        [
            1604102400000.0,
            191.82350955006385
        ],
        [
            1604707200000.0,
            167.75982680012726
        ],
        [
            1605312000000.0,
            145.8068700969174
        ],
        [
            1605916800000.0,
            126.00462554216688
        ]
    ],
    "HI": [
        [
            1604102400000.0,
            22.27567151233127
        ],
        [
            1604707200000.0,
            22.559283397089878
        ],
        [
            1605312000000.0,
            22.77059020825454
        ],
        [
            1605916800000.0,
            21.682550176537067
        ]
    ],
    "ID": [
        [
            1604102400000.0,
            53.197911300310714
        ],
        [
            1604707200000.0,
            63.77173065330749
        ],
        [
            1605312000000.0,
            75.70614654785875
        ],
        [
            1605916800000.0,
            88.70502844914463
        ]
    ],
    "IL": [
        [
            1604102400000.0,
            331.20139999989505
        ],
        [
            1604707200000.0,
            372.0807126740226
        ],
        [
            1605312000000.0,
            418.2588960504358
        ],
        [
            1605916800000.0,
            476.3551769196318
        ]
    ],
    "IN": [
        [
            1604102400000.0,
            188.82341442105133
        ],
        [
            1604707200000.0,
            205.79468891055424
        ],
        [
            1605312000000.0,
            225.87331470662946
        ],
        [
            1605916800000.0,
            245.9721927174591
        ]
    ],
    "IA": [
        [
            1604102400000.0,
            101.66198077340105
        ],
        [
            1604707200000.0,
            107.46652827048092
        ],
        [
            1605312000000.0,
            112.42028638629252
        ],
        [
            1605916800000.0,
            116.43982590829123
        ]
    ],
    "KS": [
        [
            1604102400000.0,
            104.08009392657291
        ],
        [
            1604707200000.0,
            114.02648328522952
        ],
        [
            1605312000000.0,
            124.05112986713335
        ],
        [
            1605916800000.0,
            133.64889575173729
        ]
    ],
    "KY": [
        [
            1604102400000.0,
            101.08030614266558
        ],
        [
            1604707200000.0,
            118.31877292980712
        ],
        [
            1605312000000.0,
            138.51656173905468
        ],
        [
            1605916800000.0,
            162.48293389503436
        ]
    ],
    "LA": [
        [
            1604102400000.0,
            104.0473081855601
        ],
        [
            1604707200000.0,
            108.3709730126771
        ],
        [
            1605312000000.0,
            111.81635505202429
        ],
        [
            1605916800000.0,
            114.130649764277
        ]
    ],
    "ME": [
        [
            1604102400000.0,
            7.333977607895773
        ],
        [
            1604707200000.0,
            8.401640786730873
        ],
        [
            1605312000000.0,
            9.236316852741977
        ],
        [
            1605916800000.0,
            9.937078089001067
        ]
    ],
    "MD": [
        [
            1604102400000.0,
            58.25576116438775
        ],
        [
            1604707200000.0,
            63.52397336223109
        ],
        [
            1605312000000.0,
            69.66406227270687
        ],
        [
            1605916800000.0,
            76.47498748901583
        ]
    ],
    "MA": [
        [
            1604102400000.0,
            119.92575635817845
        ],
        [
            1604707200000.0,
            139.09105429727393
        ],
        [
            1605312000000.0,
            160.8661244353524
        ],
        [
            1605916800000.0,
            184.65906371369525
        ]
    ],
    "MI": [
        [
            1604102400000.0,
            202.96673470903764
        ],
        [
            1604707200000.0,
            238.2103171101439
        ],
        [
            1605312000000.0,
            285.40689026497006
        ],
        [
            1605916800000.0,
            341.0212034765326
        ]
    ],
    "MN": [
        [
            1604102400000.0,
            123.06812738876341
        ],
        [
            1604707200000.0,
            141.78738583799714
        ],
        [
            1605312000000.0,
            163.57277636753915
        ],
        [
            1605916800000.0,
            189.9702746282533
        ]
    ],