{
    "AL": [
        [
            1609545600000.0,
            5004.578087268801
        ],
        [
            1610150400000.0,
            5356.99159412511
        ],
        [
            1610755200000.0,
            5738.380894356943
        ],
        [
            1611360000000.0,
            6143.990080970763
        ]
    ],
    "AK": [
        [
            1609545600000.0,
            200.0
        ],
        [
            1610150400000.0,
            200.0
        ],
        [
            1610755200000.0,
            200.0
        ],
        [
            1611360000000.0,
            200.0
        ]
    ],
    "AZ": [
        [
            1609545600000.0,
            8959.450361364343
        ],
        [
            1610150400000.0,
            9569.316577448511
        ],
        [
            1610755200000.0,
            10257.477882025594
        ],
        [
            1611360000000.0,
            11028.576012217882
        ]
    ],
    "AR": [
        [
            1609545600000.0,
            3678.6642378144415
        ],
        [
            1610150400000.0,
            3937.5466850157454
        ],
        [
            1610755200000.0,
            4211.406338552157
        ],
        [
            1611360000000.0,
            4501.033688138514
        ]
    ],
    "CA": [
        [
            1609545600000.0,
            26205.670829379033
        ],
        [
            1610150400000.0,
            28474.859219861075
        ],
        [
            1610755200000.0,
            30923.33830214721
        ],
        [
            1611360000000.0,
            33428.59678435981
        ]
    ],
    "CO": [
        [
            1609545600000.0,
            4927.00101452242
        ],
        [
            1610150400000.0,
            5252.1458353839835
        ],
        [
            1610755200000.0,
            5558.545862372475
        ],
        [
            1611360000000.0,
            5842.419952149571
        ]
    ],
    "CT": [
        [
            1609545600000.0,
            5967.309654933752
        ],
        [
            1610150400000.0,
            6156.343515961864
        ],
        [
            1610755200000.0,
            6354.8308679840065
        ],
        [
            1611360000000.0,
            6560.567451658178
        ]
    ],
    "DE": [
        [
            1609545600000.0,
            895.0
        ],
        [
            1610150400000.0,
            899.1780331489732
        ],
        [
            1610755200000.0,
            908.4846344094113
        ],
        [
            1611360000000.0,
            922.822648586235
        ]
    ],
    "FL": [
        [
            1609545600000.0,
            21828.57451923506
        ],
        [
            1610150400000.0,
            22542.16928215033
        ],
        [
            1610755200000.0,
            23277.145395076368
        ],
        [
            1611360000000.0,
            24033.816443632637
        ]
    ],
    "GA": [
        [
            1609545600000.0,
            11059.921707334684
        ],
        [
            1610150400000.0,
            11507.083625412308
        ],
        [
            1610755200000.0,
            12038.742533909071
        ],
        [
            1611360000000.0,
            12668.998920626673
        ]
    ],
    "HI": [
        [
            1609545600000.0,
            285.0
        ],
        [
            1610150400000.0,
            285.0
        ],
        [
            1610755200000.0,
            285.0
        ],
        [
            1611360000000.0,
            285.0
        ]
    ],
    "ID": [
        [
            1609545600000.0,
            1412.26056347897
        ],
        [
            1610150400000.0,
            1470.6269351793787
        ],
        [
            1610755200000.0,
            1526.6202096763504
        ],
        [
            1611360000000.0,
            1580.010147879476
        ]
    ],
    "IL": [
        [
            1609545600000.0,
            18235.61329875349
        ],
        [
            1610150400000.0,
            19202.05426045861
        ],
        [
            1610755200000.0,
            20112.06066717592
        ],
        [
            1611360000000.0,
            20962.32375756765
        ]
    ],
    "IN": [
        [
            1609545600000.0,
            8328.86923005441
        ],
        [
            1610150400000.0,
            8837.235550056192
        ],
        [
            1610755200000.0,
            9317.284598335853
        ],
        [
            1611360000000.0,
            9763.575719655964
        ]
    ],
    "IA": [
        [
            1609545600000.0,
            3946.4302040532416
        ],
        [
            1610150400000.0,
            4132.255577226671
        ],
        [
            1610755200000.0,
            4298.104982365414
        ],
        [
            1611360000000.0,
            4443.916750276104
        ]
    ],
    "KS": [
        [
            1609545600000.0,
            2705.691169966653
        ],
        [
            1610150400000.0,
            2912.181291020124
        ],
        [
            1610755200000.0,
            3118.7003750126823
        ],
        [
            1611360000000.0,
            3322.811366937051
        ]
    ],
    "KY": [
        [
            1609545600000.0,
            2661.107529937092
        ],
        [
            1610150400000.0,
            2792.9220369938507
        ],
        [
            1610755200000.0,
            2927.171152636393
        ],
        [
            1611360000000.0,
            3062.7817569686495
        ]
    ],
    "LA": [
        [
            1609545600000.0,
            7515.840237847832
        ],
        [
            1610150400000.0,
            7778.965854365949
        ],
        [
            1610755200000.0,
            8054.792248491842
        ],
        [
            1611360000000.0,
            8340.29407305273
        ]
    ],
    "ME": [
        [
            1609545600000.0,
            319.0
        ],
        [
            1610150400000.0,
            319.0
        ],
        [
            1610755200000.0,
            319.0
        ],
        [
            1611360000000.0,
            319.0
        ]
    ],
    "MD": [
        [
            1609545600000.0,
            5940.796983686985
        ],
        [
            1610150400000.0,
            6223.356320356279
        ],
        [
            1610755200000.0,
            6524.26515297409
        ],
        [
            1611360000000.0,
            6840.242727362584
        ]
    ],
    "MA": [
        [
            1609545600000.0,
            12450.763235510132
        ],
        [
            1610150400000.0,
            12968.923084655027
        ],
        [
            1610755200000.0,
            13564.855537953114
        ],
        [
            1611360000000.0,
            14242.500681640615
        ]
    ],
    "MI": [
        [
            1609545600000.0,
            13418.54978379222
        ],
        [
            1610150400000.0,
            14111.316490648867
        ],
        [
            1610755200000.0,
            14753.295380185336
        ],
        [
            1611360000000.0,
            15337.920589971902
        ]
    ],
    "MN": [
        [
            1609545600000.0,
            5478.519740840786
        ],
        [
            1610150400000.0,
            5767.934971889214
        ],
        [
            1610755200000.0,
            6026.299904098297
        ],
        [
            1611360000000.0,
            6255.959740558458
        ]
    ],
    "MS": [
        [
            1609545600000.0,
            4747.137066627143
        ],
        [
            1610150400000.0,
            4944.644526933376
        ],
        [
            1610755200000.0,
            5150.223898284858
        ],
        [
            1611360000000.0,
            5361.422523905628
        ]
    ],