{
    "AL": [
        [
            1599868800000.0,
            2371.171713209867
        ],
        [
            1600473600000.0,
            2540.2819354046164
        ],
        [
            1601078400000.0,
            2650.5111172000047
        ],
        [
            1601683200000.0,
            2750.162582949939
        ]
    ],
    "AK": [
        [
            1599868800000.0,
            43.45694524694069
        ],
        [
            1600473600000.0,
            43.45694524694069
        ],
        [
            1601078400000.0,
            50.93870588420589
        ],
        [
            1601683200000.0,
            65.43475901831002
        ]
    ],
    "AZ": [
        [
            1599868800000.0,
            5401.81626228631
        ],
        [
            1600473600000.0,
            5401.81626228631
        ],
        [
            1601078400000.0,
            5578.398159253629
        ],
        [
            1601683200000.0,
            5710.429105568808
        ]
    ],
    "AR": [
        [
            1599868800000.0,
            982.2150479674302
        ],
        [
            1600473600000.0,
            1112.7700417967737
        ],
        [
            1601078400000.0,
            1262.162239585464
        ],
        [
            1601683200000.0,
            1420.1816839067326
        ]
    ],
    "CA": [
        [
            1599868800000.0,
            14267.290516707293
        ],
        [
            1600473600000.0,
            14741.315875282295
        ],
        [
            1601078400000.0,
            15378.854573006443
        ],
        [
            1601683200000.0,
            16031.375484300544
        ]
    ],
    "CO": [
        [
            1599868800000.0,
            2003.4907644706464
        ],
        [
            1600473600000.0,
            2020.024220593817
        ],
        [
            1601078400000.0,
            2027.5616623269245
        ],
        [
            1601683200000.0,
            2049.495583985255
        ]
    ],
    "CT": [
        [
            1599868800000.0,
            4468.0
        ],
        [
            1600473600000.0,
            4470.0668707056075
        ],
        [
            1601078400000.0,
            4470.0668707056075
        ],
        [
            1601683200000.0,
            4472.1906038168045
        ]
    ],
    "DE": [
        [
            1599868800000.0,
            617.8329843415039
        ],
        [
            1600473600000.0,
            617.8329843415039
        ],
        [
            1601078400000.0,
            639.9806614391124
        ],
        [
            1601683200000.0,
            646.9466993555877
        ]
    ],
    "FL": [
        [
            1599868800000.0,
            12315.940519754919
        ],
        [
            1600473600000.0,
            12606.192079883916
        ],
        [
            1601078400000.0,
            13007.242474368397
        ],
        [
            1601683200000.0,
            13335.478725466353
        ]
    ],
    "GA": [
        [
            1599868800000.0,
            6373.933466638141
        ],
        [
            1600473600000.0,
            6599.917830977243
        ],
        [
            1601078400000.0,
            6983.490415528106
        ],
        [
            1601683200000.0,
            7328.811806858544
        ]
    ],
    "HI": [
        [
            1599868800000.0,
            114.87770653944176
        ],
        [
            1600473600000.0,
            123.52115584260193
        ],
        [
            1601078400000.0,
            157.1917187040609
        ],
        [
            1601683200000.0,
            220.6132858986673
        ]
    ],
    "ID": [
        [
            1599868800000.0,
            399.9442219933136
        ],
        [
            1600473600000.0,
            434.7554176754051
        ],
        [
            1601078400000.0,
            455.83216547470636
        ],
        [
            1601683200000.0,
            472.78038702117203
        ]
    ],
    "IL": [
        [
            1599868800000.0,
            8610.84734811013
        ],
        [
            1600473600000.0,
            8841.824085988534
        ],
        [
            1601078400000.0,
            9145.085701472151
        ],
        [
            1601683200000.0,
            9463.542485647613
        ]
    ],
    "IN": [
        [
            1599868800000.0,
            3441.511889513581
        ],
        [
            1600473600000.0,
            3557.366489620606
        ],
        [
            1601078400000.0,
            3614.919516677088
        ],
        [
            1601683200000.0,
            3672.170445204154
        ]
    ],
    "IA": [
        [
            1599868800000.0,
            1220.1250736730794
        ],
        [
            1600473600000.0,
            1277.9393419497155
        ],
        [
            1601078400000.0,
            1344.0269500611419
        ],
        [
            1601683200000.0,
            1434.678903970735
        ]
    ],
    "KS": [
        [
            1599868800000.0,
            491.51525717546974
        ],
        [
            1600473600000.0,
            491.51525717546974
        ],
        [
            1601078400000.0,
            505.7858671078191
        ],
        [
            1601683200000.0,
            588.9175610000697
        ]
    ],
    "KY": [
        [
            1599868800000.0,
            1027.8941982961123
        ],
        [
            1600473600000.0,
            1071.6532334090116
        ],
        [
            1601078400000.0,
            1142.5187851853118
        ],
        [
            1601683200000.0,
            1223.9193609051304
        ]
    ],
    "LA": [
        [
            1599868800000.0,
            5254.729309502305
        ],
        [
            1600473600000.0,
            5424.69331855239
        ],
        [
            1601078400000.0,
            5550.7479898054125
        ],
        [
            1601683200000.0,
            5715.901750466125
        ]
    ],
    "ME": [
        [
            1599868800000.0,
            134.0
        ],
        [
            1600473600000.0,
            147.59841364857945
        ],
        [
            1601078400000.0,
            147.59841364857945
        ],
        [
            1601683200000.0,
            150.45541412763032
        ]
    ],
    "MD": [
        [
            1599868800000.0,
            3833.6926851044173
        ],
        [
            1600473600000.0,
            3855.522106641181
        ],
        [
            1601078400000.0,
            3884.605993306623
        ],
        [
            1601683200000.0,
            3949.0139120831673
        ]
    ],
    "MA": [
        [
            1599868800000.0,
            9217.534318142072
        ],
        [
            1600473600000.0,
            9299.989348120394
        ],
        [
            1601078400000.0,
            9361.431620862097
        ],
        [
            1601683200000.0,
            9419.44804226802
        ]
    ],
    "MI": [
        [
            1599868800000.0,
            6835.255374716372
        ],
        [
            1600473600000.0,
            6865.4282527496325
        ],
        [
            1601078400000.0,
            6928.550546564016
        ],
        [
            1601683200000.0,
            6994.10359165196
        ]
    ],
    "MN": [
        [
            1599868800000.0,
            1943.5186654820334
        ],
        [
            1600473600000.0,
            1975.2613441621356
        ],
        [
            1601078400000.0,
            2112.1503574597614
        ],
        [
            1601683200000.0,
            2187.9006464312474
        ]
    ],