{
    "AL": [
        [
            1602892800000.0,
            2746.689189007891
        ],
        [
            1603497600000.0,
            2838.8345911138344
        ],
        [
            1604102400000.0,
            2942.112978800334
        ],
        [
            1604707200000.0,
            3060.5664604950675
        ]
    ],
    "AK": [
        [
            1602892800000.0,
            61.64915730563447
        ],
        [
            1603497600000.0,
            66.86061658363467
        ],
        [
            1604102400000.0,
            74.80058663792514
        ],
        [
            1604707200000.0,
            84.53709586477414
        ]
    ],
    "AZ": [
        [
            1602892800000.0,
            5787.862981446116
        ],
        [
            1603497600000.0,
            5811.897525749502
        ],
        [
            1604102400000.0,
            5831.50687478869
        ],
        [
            1604707200000.0,
            5847.964014878308
        ]
    ],
    "AR": [
        [
            1602892800000.0,
            1705.555817051496
        ],
        [
            1603497600000.0,
            1865.3410109460008
        ],
        [
            1604102400000.0,
            2029.599086588574
        ],
        [
            1604707200000.0,
            2197.224320763271
        ]
    ],
    "CA": [
        [
            1602892800000.0,
            17134.033479454352
        ],
        [
            1603497600000.0,
            17679.14499817732
        ],
        [
            1604102400000.0,
            18202.279697143167
        ],
        [
            1604707200000.0,
            18703.657580944127
        ]
    ],
    "CO": [
        [
            1602892800000.0,
            2139.385514613295
        ],
        [
            1603497600000.0,
            2172.334890291103
        ],
        [
            1604102400000.0,
            2211.3883718172438
        ],
        [
            1604707200000.0,
            2257.9925107815125
        ]
    ],
    "CT": [
        [
            1602892800000.0,
            4541.205641490578
        ],
        [
            1603497600000.0,
            4553.766520679285
        ],
        [
            1604102400000.0,
            4567.0589205374845
        ],
        [
            1604707200000.0,
            4581.43363888867
        ]
    ],
    "DE": [
        [
            1602892800000.0,
            662.9283431448429
        ],
        [
            1603497600000.0,
            675.425045466989
        ],
        [
            1604102400000.0,
            689.6103453933438
        ],
        [
            1604707200000.0,
            705.4487099991734
        ]
    ],
    "FL": [
        [
            1602892800000.0,
            15737.43431108176
        ],
        [
            1603497600000.0,
            16290.325316680257
        ],
        [
            1604102400000.0,
            16854.33450222446
        ],
        [
            1604707200000.0,
            17433.813104637506
        ]
    ],
    "GA": [
        [
            1602892800000.0,
            7694.467385175729
        ],
        [
            1603497600000.0,
            7976.1139336779115
        ],
        [
            1604102400000.0,
            8234.263863574708
        ],
        [
            1604707200000.0,
            8468.672907053155
        ]
    ],
    "HI": [
        [
            1602892800000.0,
            174.57357848351558
        ],
        [
            1603497600000.0,
            181.44969542708668
        ],
        [
            1604102400000.0,
            187.7362076414147
        ],
        [
            1604707200000.0,
            193.45352336153
        ]
    ],
    "ID": [
        [
            1602892800000.0,
            540.5288227828302
        ],
        [
            1603497600000.0,
            580.5284821214632
        ],
        [
            1604102400000.0,
            628.4946840565214
        ],
        [
            1604707200000.0,
            685.4942732276153
        ]
    ],
    "IL": [
        [
            1602892800000.0,
            9381.191235691447
        ],
        [
            1603497600000.0,
            9546.782807289252
        ],
        [
            1604102400000.0,
            9717.075115781296
        ],
        [
            1604707200000.0,
            9889.532788373546
        ]
    ],
    "IN": [
        [
            1602892800000.0,
            3877.5020002034703
        ],
        [
            1603497600000.0,
            3992.823653721609
        ],
        [
            1604102400000.0,
            4133.206872205602
        ],
        [
            1604707200000.0,
            4305.106829170415
        ]
    ],
    "IA": [
        [
            1602892800000.0,
            1541.9924113838238
        ],
        [
            1603497600000.0,
            1642.3681375264478
        ],
        [
            1604102400000.0,
            1763.1402955075814
        ],
        [
            1604707200000.0,
            1911.800395730954
        ]
    ],
    "KS": [
        [
            1602892800000.0,
            852.3859765202942
        ],
        [
            1603497600000.0,
            939.6756714736799
        ],
        [
            1604102400000.0,
            1035.059351017565
        ],
        [
            1604707200000.0,
            1138.3896470378966
        ]
    ],
    "KY": [
        [
            1602892800000.0,
            1303.4885169371178
        ],
        [
            1603497600000.0,
            1360.282313156264
        ],
        [
            1604102400000.0,
            1417.6286026068585
        ],
        [
            1604707200000.0,
            1475.3236324852105
        ]
    ],
    "LA": [
        [
            1602892800000.0,
            5762.729479853366
        ],
        [
            1603497600000.0,
            5875.724543204534
        ],
        [
            1604102400000.0,
            5975.496744179296
        ],
        [
            1604707200000.0,
            6063.1535066589795
        ]
    ],
    "ME": [
        [
            1602892800000.0,
            146.59672698300972
        ],
        [
            1603497600000.0,
            151.98407303104574
        ],
        [
            1604102400000.0,
            158.15713709777862
        ],
        [
            1604707200000.0,
            164.977400487402
        ]
    ],
    "MD": [
        [
            1602892800000.0,
            4039.872384711835
        ],
        [
            1603497600000.0,
            4085.9267426471033
        ],
        [
            1604102400000.0,
            4132.328721821371
        ],
        [
            1604707200000.0,
            4178.875022675801
        ]
    ],
    "MA": [
        [
            1602892800000.0,
            9670.113981858944
        ],
        [
            1603497600000.0,
            9764.998845558748
        ],
        [
            1604102400000.0,
            9875.789517740144
        ],
        [
            1604707200000.0,
            10006.439598518271
        ]
    ],
    "MI": [
        [
            1602892800000.0,
            7335.421668737738
        ],
        [
            1603497600000.0,
            7462.007527338094
        ],
        [
            1604102400000.0,
            7596.238525866771
        ],
        [
            1604707200000.0,
            7738.576715310048
        ]
    ],
    "MN": [
        [
            1602892800000.0,
            2248.3401238951496
        ],
        [
            1603497600000.0,
            2316.0316319712288
        ],
        [
            1604102400000.0,
            2385.7455780489677
        ],
        [
            1604707200000.0,
            2458.0981552692624
        ]
    ],