{
    "AL": [
        [
            1614988800000.0,
            10275.109008854592
        ],
        [
            1615593600000.0,
            10561.23277320724
        ],
        [
            1616198400000.0,
            10793.201117116783
        ],
        [
            1616803200000.0,
            10977.202773210747
        ]
    ],
    "AK": [
        [
            1614988800000.0,
            293.84523743654853
        ],
        [
            1615593600000.0,
            296.11168563738056
        ],
        [
            1616198400000.0,
            297.8677583219849
        ],
        [
            1616803200000.0,
            299.6504595035136
        ]
    ],
    "AZ": [
        [
            1614988800000.0,
            16458.333526087055
        ],
        [
            1615593600000.0,
            16856.884734411957
        ],
        [
            1616198400000.0,
            17175.27869872098
        ],
        [
            1616803200000.0,
            17421.805149389947
        ]
    ],
    "AR": [
        [
            1614988800000.0,
            5485.074557114812
        ],
        [
            1615593600000.0,
            5538.373488468868
        ],
        [
            1616198400000.0,
            5580.251001128265
        ],
        [
            1616803200000.0,
            5612.0701974512285
        ]
    ],
    "CA": [
        [
            1614988800000.0,
            53923.75454148985
        ],
        [
            1615593600000.0,
            55657.3286617691
        ],
        [
            1616198400000.0,
            57155.43852202464
        ],
        [
            1616803200000.0,
            58450.7386047801
        ]
    ],
    "CO": [
        [
            1614988800000.0,
            6006.711993229707
        ],
        [
            1615593600000.0,
            6062.286874170404
        ],
        [
            1616198400000.0,
            6111.035074546303
        ],
        [
            1616803200000.0,
            6154.637949114073
        ]
    ],
    "CT": [
        [
            1614988800000.0,
            7714.762555599711
        ],
        [
            1615593600000.0,
            7796.270024302651
        ],
        [
            1616198400000.0,
            7867.843593222635
        ],
        [
            1616803200000.0,
            7931.604124871243
        ]
    ],
    "DE": [
        [
            1614988800000.0,
            1442.9961781174068
        ],
        [
            1615593600000.0,
            1464.4291474039285
        ],
        [
            1616198400000.0,
            1482.176254544419
        ],
        [
            1616803200000.0,
            1496.5760434339843
        ]
    ],
    "FL": [
        [
            1614988800000.0,
            31552.41949569144
        ],
        [
            1615593600000.0,
            32295.06206236881
        ],
        [
            1616198400000.0,
            32966.36352244031
        ],
        [
            1616803200000.0,
            33576.01567020354
        ]
    ],
    "GA": [
        [
            1614988800000.0,
            17895.155365334806
        ],
        [
            1615593600000.0,
            18442.969609879507
        ],
        [
            1616198400000.0,
            18935.30752795776
        ],
        [
            1616803200000.0,
            19372.375785159616
        ]
    ],
    "HI": [
        [
            1614988800000.0,
            438.07029251595554
        ],
        [
            1615593600000.0,
            438.07029251595554
        ],
        [
            1616198400000.0,
            438.07029251595554
        ],
        [
            1616803200000.0,
            438.07029251595554
        ]
    ],
    "ID": [
        [
            1614988800000.0,
            1885.9539802226052
        ],
        [
            1615593600000.0,
            1908.035206985576
        ],
        [
            1616198400000.0,
            1927.2158146486784
        ],
        [
            1616803200000.0,
            1944.4420387300604
        ]
    ],
    "IL": [
        [
            1614988800000.0,
            23015.55849635152
        ],
        [
            1615593600000.0,
            23284.160631064296
        ],
        [
            1616198400000.0,
            23519.00467972115
        ],
        [
            1616803200000.0,
            23727.70692149114
        ]
    ],
    "IN": [
        [
            1614988800000.0,
            12736.736673813244
        ],
        [
            1615593600000.0,
            12882.333640098555
        ],
        [
            1616198400000.0,
            13000.561585637774
        ],
        [
            1616803200000.0,
            13096.323628387832
        ]
    ],
    "IA": [
        [
            1614988800000.0,
            5576.291417050305
        ],
        [
            1615593600000.0,
            5667.369804282324
        ],
        [
            1616198400000.0,
            5745.15491946594
        ],
        [
            1616803200000.0,
            5812.017259872194
        ]
    ],
    "KS": [
        [
            1614988800000.0,
            4817.91498999569
        ],
        [
            1615593600000.0,
            4925.970266889841
        ],
        [
            1616198400000.0,
            5018.4303252778345
        ],
        [
            1616803200000.0,
            5098.628658125183
        ]
    ],
    "KY": [
        [
            1614988800000.0,
            4826.771157203355
        ],
        [
            1615593600000.0,
            5010.704070401007
        ],
        [
            1616198400000.0,
            5174.452485393776
        ],
        [
            1616803200000.0,
            5317.018749947371
        ]
    ],
    "LA": [
        [
            1614988800000.0,
            9720.587258412585
        ],
        [
            1615593600000.0,
            9830.493387535998
        ],
        [
            1616198400000.0,
            9919.62568218904
        ],
        [
            1616803200000.0,
            9992.806481902946
        ]
    ],
    "ME": [
        [
            1614988800000.0,
            716.5490507762619
        ],
        [
            1615593600000.0,
            729.3393605809655
        ],
        [
            1616198400000.0,
            740.6150919162243
        ],
        [
            1616803200000.0,
            750.7430447096898
        ]
    ],
    "MD": [
        [
            1614988800000.0,
            8033.149245737803
        ],
        [
            1615593600000.0,
            8197.775035365206
        ],
        [
            1616198400000.0,
            8345.145183917697
        ],
        [
            1616803200000.0,
            8478.93103017555
        ]
    ],
    "MA": [
        [
            1614988800000.0,
            16336.973911266305
        ],
        [
            1615593600000.0,
            16579.984524182608
        ],
        [
            1616198400000.0,
            16804.818355353502
        ],
        [
            1616803200000.0,
            17008.089750116826
        ]
    ],
    "MI": [
        [
            1614988800000.0,
            16688.129880459604
        ],
        [
            1615593600000.0,
            16845.176904785323
        ],
        [
            1616198400000.0,
            16985.135591822505
        ],
        [
            1616803200000.0,
            17113.529734816933
        ]
    ],
    "MN": [
        [
            1614988800000.0,
            6601.154895077106
        ],
        [
            1615593600000.0,
            6650.671343214111
        ],
        [
            1616198400000.0,
            6692.776854499985
        ],
        [
            1616803200000.0,
            6728.801164882588
        ]
    ],