{
    "AL": [
        [
            1601683200000.0,
            107.10311589935087
        ],
        [
            1602288000000.0,
            111.28086526212937
        ],
        [
            1602892800000.0,
            115.90201617570028
        ],
        [
            1603497600000.0,
            119.0022119217007
        ]
    ],
    "AK": [
        [
            1601683200000.0,
            3.5246542369622897
        ],
        [
            1602288000000.0,
            11.300320933779268
        ],
        [
            1602892800000.0,
            16.936309432927597
        ],
        [
            1603497600000.0,
            16.871675228319283
        ]
    ],
    "AZ": [
        [
            1601683200000.0,
            208.44052642086643
        ],
        [
            1602288000000.0,
            224.58443949163086
        ],
        [
            1602892800000.0,
            248.60589604810002
        ],
        [
            1603497600000.0,
            274.3516010907787
        ]
    ],
    "AR": [
        [
            1601683200000.0,
            124.80920000018877
        ],
        [
            1602288000000.0,
            140.953628840756
        ],
        [
            1602892800000.0,
            159.9785793220585
        ],
        [
            1603497600000.0,
            181.09212497431247
        ]
    ],
    "CA": [
        [
            1601683200000.0,
            686.8738918818252
        ],
        [
            1602288000000.0,
            748.9039965543643
        ],
        [
            1602892800000.0,
            840.8579798934971
        ],
        [
            1603497600000.0,
            950.9166409886155
        ]
    ],
    "CO": [
        [
            1601683200000.0,
            14.620919208780535
        ],
        [
            1602288000000.0,
            17.685560800134706
        ],
        [
            1602892800000.0,
            19.469608219824305
        ],
        [
            1603497600000.0,
            18.539928224736837
        ]
    ],
    "CT": [
        [
            1601683200000.0,
            12.034516115743106
        ],
        [
            1602288000000.0,
            13.29675115145275
        ],
        [
            1602892800000.0,
            13.813292452713569
        ],
        [
            1603497600000.0,
            11.935524634615016
        ]
    ],
    "DE": [
        [
            1601683200000.0,
            12.859196698058527
        ],
        [
            1602288000000.0,
            14.396199294449644
        ],
        [
            1602892800000.0,
            14.662546318705257
        ],
        [
            1603497600000.0,
            12.268077740421063
        ]
    ],
    "FL": [
        [
            1601683200000.0,
            860.5317399259723
        ],
        [
            1602288000000.0,
            946.4007532809217
        ],
        [
            1602892800000.0,
            999.304031869364
        ],
        [
            1603497600000.0,
            1014.3073184640884
        ]
    ],
    "GA": [
        [
            1601683200000.0,
            303.6664710171545
        ],
        [
            1602288000000.0,
            309.3102432584056
        ],
        [
            1602892800000.0,
            319.0959761780288
        ],
        [
            1603497600000.0,
            329.30783604346266
        ]
    ],
    "HI": [
        [
            1601683200000.0,
            26.796311248624548
        ],
        [
            1602288000000.0,
            33.703087507873825
        ],
        [
            1602892800000.0,
            37.78157789854191
        ],
        [
            1603497600000.0,
            41.38602071916653
        ]
    ],
    "ID": [
        [
            1601683200000.0,
            36.684051953117674
        ],
        [
            1602288000000.0,
            42.27462459864479
        ],
        [
            1602892800000.0,
            47.60430530396365
        ],
        [
            1603497600000.0,
            51.709009033199905
        ]
    ],
    "IL": [
        [
            1601683200000.0,
            185.4894688954802
        ],
        [
            1602288000000.0,
            187.08852838403283
        ],
        [
            1602892800000.0,
            185.083577580211
        ],
        [
            1603497600000.0,
            181.2115462729852
        ]
    ],
    "IN": [
        [
            1601683200000.0,
            91.8313603341373
        ],
        [
            1602288000000.0,
            90.01117286957277
        ],
        [
            1602892800000.0,
            90.11422253300219
        ],
        [
            1603497600000.0,
            86.63573078132765
        ]
    ],
    "IA": [
        [
            1601683200000.0,
            53.63848388493227
        ],
        [
            1602288000000.0,
            56.81242209137525
        ],
        [
            1602892800000.0,
            58.15256516947382
        ],
        [
            1603497600000.0,
            56.53017802182791
        ]
    ],
    "KS": [
        [
            1601683200000.0,
            27.462758284988947
        ],
        [
            1602288000000.0,
            29.3405884580172
        ],
        [
            1602892800000.0,
            30.055145242783688
        ],
        [
            1603497600000.0,
            28.104111954163795
        ]
    ],
    "KY": [
        [
            1601683200000.0,
            55.9514527196195
        ],
        [
            1602288000000.0,
            57.98689207751688
        ],
        [
            1602892800000.0,
            59.51367147967912
        ],
        [
            1603497600000.0,
            58.01596128220275
        ]
    ],
    "LA": [
        [
            1601683200000.0,
            110.37754858310059
        ],
        [
            1602288000000.0,
            108.31402785029823
        ],
        [
            1602892800000.0,
            108.44186235781386
        ],
        [
            1603497600000.0,
            107.98827723307168
        ]
    ],
    "ME": [
        [
            1601683200000.0,
            4.8577338887533985
        ],
        [
            1602288000000.0,
            6.811230649616518
        ],
        [
            1602892800000.0,
            7.515032384504032
        ],
        [
            1603497600000.0,
            5.441739079238093
        ]
    ],
    "MD": [
        [
            1601683200000.0,
            62.70838028570442
        ],
        [
            1602288000000.0,
            65.16246712291816
        ],
        [
            1602892800000.0,
            66.4696969655778
        ],
        [
            1603497600000.0,
            65.10661329240966
        ]
    ],
    "MA": [
        [
            1601683200000.0,
            128.23600682105666
        ],
        [
            1602288000000.0,
            133.67464263868789
        ],
        [
            1602892800000.0,
            139.44916238139382
        ],
        [
            1603497600000.0,
            142.7728647454665
        ]
    ],
    "MI": [
        [
            1601683200000.0,
            77.75582479675352
        ],
        [
            1602288000000.0,
            77.47816407833928
        ],
        [
            1602892800000.0,
            79.19161611068613
        ],
        [
            1603497600000.0,
            78.37123042639645
        ]
    ],
    "MN": [
        [
            1601683200000.0,
            41.84898239095653
        ],
        [
            1602288000000.0,
            44.66109591301604
        ],
        [
            1602892800000.0,
            46.59700670762477
        ],
        [
            1603497600000.0,
            46.70772921723301
        ]
    ],