{
    "AL": [
        [
            1602288000000.0,
            51.208712608974295
        ],
        [
            1602892800000.0,
            51.22381822106199
        ],
        [
            1603497600000.0,
            52.452265438541076
        ],
        [
            1604102400000.0,
            58.08711204937979
        ]
    ],
    "AK": [
        [
            1602288000000.0,
            0.9902199903188612
        ],
        [
            1602892800000.0,
            5.210268550423998
        ],
        [
            1603497600000.0,
            8.569304926491553
        ],
        [
            1604102400000.0,
            11.112295577157516
        ]
    ],
    "AZ": [
        [
            1602288000000.0,
            38.65773574686076
        ],
        [
            1602892800000.0,
            30.782207249115597
        ],
        [
            1603497600000.0,
            25.264956500147324
        ],
        [
            1604102400000.0,
            21.707539842997818
        ]
    ],
    "AR": [
        [
            1602288000000.0,
            143.20744292082603
        ],
        [
            1602892800000.0,
            150.43516267637384
        ],
        [
            1603497600000.0,
            156.31665615795268
        ],
        [
            1604102400000.0,
            161.52657719352942
        ]
    ],
    "CA": [
        [
            1602288000000.0,
            469.00933478911736
        ],
        [
            1602892800000.0,
            463.56942132386354
        ],
        [
            1603497600000.0,
            477.88056165314606
        ],
        [
            1604102400000.0,
            507.88479746839073
        ]
    ],
    "CO": [
        [
            1602288000000.0,
            21.61089454061882
        ],
        [
            1602892800000.0,
            24.62704694158165
        ],
        [
            1603497600000.0,
            28.827048145233842
        ],
        [
            1604102400000.0,
            34.43210843982762
        ]
    ],
    "CT": [
        [
            1602288000000.0,
            11.199233608009123
        ],
        [
            1602892800000.0,
            13.350385753553267
        ],
        [
            1603497600000.0,
            14.957155271675134
        ],
        [
            1604102400000.0,
            17.015218637262098
        ]
    ],
    "DE": [
        [
            1602288000000.0,
            10.595553375339154
        ],
        [
            1602892800000.0,
            13.490470416458669
        ],
        [
            1603497600000.0,
            15.827534286533721
        ],
        [
            1604102400000.0,
            18.338092057152192
        ]
    ],
    "FL": [
        [
            1602288000000.0,
            408.8094738982482
        ],
        [
            1602892800000.0,
            357.27956449745324
        ],
        [
            1603497600000.0,
            314.5559615701385
        ],
        [
            1604102400000.0,
            276.03894812894174
        ]
    ],
    "GA": [
        [
            1602288000000.0,
            196.8455923517951
        ],
        [
            1602892800000.0,
            172.73392191119942
        ],
        [
            1603497600000.0,
            151.09567471359117
        ],
        [
            1604102400000.0,
            131.38714216551492
        ]
    ],
    "HI": [
        [
            1602288000000.0,
            5.202420878714573
        ],
        [
            1602892800000.0,
            5.3769706652414335
        ],
        [
            1603497600000.0,
            5.033883895226331
        ],
        [
            1604102400000.0,
            4.474703211979144
        ]
    ],
    "ID": [
        [
            1602288000000.0,
            16.456712496427418
        ],
        [
            1602892800000.0,
            15.791352275983705
        ],
        [
            1603497600000.0,
            14.462346675460935
        ],
        [
            1604102400000.0,
            13.159843033850136
        ]
    ],
    "IL": [
        [
            1602288000000.0,
            144.2828836872704
        ],
        [
            1602892800000.0,
            148.3902372386274
        ],
        [
            1603497600000.0,
            151.73136839895776
        ],
        [
            1604102400000.0,
            155.11611893381883
        ]
    ],
    "IN": [
        [
            1602288000000.0,
            101.9171699681937
        ],
        [
            1602892800000.0,
            107.81595979528468
        ],
        [
            1603497600000.0,
            117.02356665792463
        ],
        [
            1604102400000.0,
            124.52834302144102
        ]
    ],
    "IA": [
        [
            1602288000000.0,
            67.77208291414014
        ],
        [
            1602892800000.0,
            72.095165916343
        ],
        [
            1603497600000.0,
            75.04358109965071
        ],
        [
            1604102400000.0,
            77.6523194869602
        ]
    ],
    "KS": [
        [
            1602288000000.0,
            61.62969804820649
        ],
        [
            1602892800000.0,
            68.90782245735298
        ],
        [
            1603497600000.0,
            75.28726942245112
        ],
        [
            1604102400000.0,
            81.68860888867503
        ]
    ],
    "KY": [
        [
            1602288000000.0,
            58.785882053762656
        ],
        [
            1602892800000.0,
            66.18300775743782
        ],
        [
            1603497600000.0,
            74.13908074219444
        ],
        [
            1604102400000.0,
            83.80007466411143
        ]
    ],
    "LA": [
        [
            1602288000000.0,
            99.83745072301676
        ],
        [
            1602892800000.0,
            104.14926793998067
        ],
        [
            1603497600000.0,
            111.62120642314777
        ],
        [
            1604102400000.0,
            118.25473765048443
        ]
    ],
    "ME": [
        [
            1602288000000.0,
            2.097836931492453
        ],
        [
            1602892800000.0,
            3.90876314166044
        ],
        [
            1603497600000.0,
            4.764841261834297
        ],
        [
            1604102400000.0,
            5.436526141940619
        ]
    ],
    "MD": [
        [
            1602288000000.0,
            31.588760200220214
        ],
        [
            1602892800000.0,
            32.591618259411746
        ],
        [
            1603497600000.0,
            32.512070418025424
        ],
        [
            1604102400000.0,
            32.57134227471144
        ]
    ],
    "MA": [
        [
            1602288000000.0,
            109.42860702690642
        ],
        [
            1602892800000.0,
            122.05817523015287
        ],
        [
            1603497600000.0,
            143.3848820625557
        ],
        [
            1604102400000.0,
            171.75598638445052
        ]
    ],
    "MI": [
        [
            1602288000000.0,
            109.8137889034797
        ],
        [
            1602892800000.0,
            118.59418362859196
        ],
        [
            1603497600000.0,
            128.17432605692508
        ],
        [
            1604102400000.0,
            135.31352966091524
        ]
    ],
    "MN": [
        [
            1602288000000.0,
            69.72132777563345
        ],
        [
            1602892800000.0,
            74.63347731857174
        ],
        [
            1603497600000.0,
            78.83360734322804
        ],
        [
            1604102400000.0,
            82.28648206636082
        ]
    ],