{
    "AL": [
        [
            1615593600000.0,
            10359.685768147448
        ],
        [
            1616198400000.0,
            10524.592516222412
        ],
        [
            1616803200000.0,
            10651.45337881561
        ],
        [
            1617408000000.0,
            10748.18594150447
        ]
    ],
    "AK": [
        [
            1615593600000.0,
            311.37468585527006
        ],
        [
            1616198400000.0,
            317.9840245452269
        ],
        [
            1616803200000.0,
            325.2449974863856
        ],
        [
            1617408000000.0,
            333.4741803417527
        ]
    ],
    "AZ": [
        [
            1615593600000.0,
            16675.480579703864
        ],
        [
            1616198400000.0,
            16954.864695631582
        ],
        [
            1616803200000.0,
            17168.575009000997
        ],
        [
            1617408000000.0,
            17333.25792381402
        ]
    ],
    "AR": [
        [
            1615593600000.0,
            5378.893852191111
        ],
        [
            1616198400000.0,
            5446.416018476384
        ],
        [
            1616803200000.0,
            5501.912467583305
        ],
        [
            1617408000000.0,
            5547.244966585235
        ]
    ],
    "CA": [
        [
            1615593600000.0,
            56164.19098749469
        ],
        [
            1616198400000.0,
            58015.42274315642
        ],
        [
            1616803200000.0,
            59657.46993390454
        ],
        [
            1617408000000.0,
            61098.17376426307
        ]
    ],
    "CO": [
        [
            1615593600000.0,
            6029.773399709376
        ],
        [
            1616198400000.0,
            6069.76285056849
        ],
        [
            1616803200000.0,
            6106.820594075973
        ],
        [
            1617408000000.0,
            6141.194825259078
        ]
    ],
    "CT": [
        [
            1615593600000.0,
            7777.0340186584945
        ],
        [
            1616198400000.0,
            7841.42865554821
        ],
        [
            1616803200000.0,
            7900.430560392524
        ],
        [
            1617408000000.0,
            7952.900214360146
        ]
    ],
    "DE": [
        [
            1615593600000.0,
            1495.278336528604
        ],
        [
            1616198400000.0,
            1524.0595720875328
        ],
        [
            1616803200000.0,
            1550.4299393164238
        ],
        [
            1617408000000.0,
            1574.5736455075255
        ]
    ],
    "FL": [
        [
            1615593600000.0,
            32363.645541114565
        ],
        [
            1616198400000.0,
            33035.82564995531
        ],
        [
            1616803200000.0,
            33645.11050759952
        ],
        [
            1617408000000.0,
            34189.278955204034
        ]
    ],
    "GA": [
        [
            1615593600000.0,
            18528.075198526592
        ],
        [
            1616198400000.0,
            19102.4908624572
        ],
        [
            1616803200000.0,
            19625.131471322256
        ],
        [
            1617408000000.0,
            20095.496688473264
        ]
    ],
    "HI": [
        [
            1615593600000.0,
            447.3364968814384
        ],
        [
            1616198400000.0,
            452.77328938822967
        ],
        [
            1616803200000.0,
            458.7651849138896
        ],
        [
            1617408000000.0,
            465.3432385619072
        ]
    ],
    "ID": [
        [
            1615593600000.0,
            1897.449430540493
        ],
        [
            1616198400000.0,
            1915.035577507139
        ],
        [
            1616803200000.0,
            1931.5713596447388
        ],
        [
            1617408000000.0,
            1947.936449132364
        ]
    ],
    "IL": [
        [
            1615593600000.0,
            23305.81332321509
        ],
        [
            1616198400000.0,
            23560.9807818852
        ],
        [
            1616803200000.0,
            23777.43630955724
        ],
        [
            1617408000000.0,
            23959.747210777245
        ]
    ],
    "IN": [
        [
            1615593600000.0,
            12871.954084788224
        ],
        [
            1616198400000.0,
            12993.294837400232
        ],
        [
            1616803200000.0,
            13093.325168688552
        ],
        [
            1617408000000.0,
            13174.867481350078
        ]
    ],
    "IA": [
        [
            1615593600000.0,
            5630.05238243926
        ],
        [
            1616198400000.0,
            5697.796471722206
        ],
        [
            1616803200000.0,
            5756.8079789175445
        ],
        [
            1617408000000.0,
            5809.248545230093
        ]
    ],
    "KS": [
        [
            1615593600000.0,
            4841.889027659333
        ],
        [
            1616198400000.0,
            4902.861572868587
        ],
        [
            1616803200000.0,
            4953.210362164115
        ],
        [
            1617408000000.0,
            4995.3415873676
        ]
    ],
    "KY": [
        [
            1615593600000.0,
            4993.180254900039
        ],
        [
            1616198400000.0,
            5164.338508328216
        ],
        [
            1616803200000.0,
            5316.8343735942935
        ],
        [
            1617408000000.0,
            5452.129015573712
        ]
    ],
    "LA": [
        [
            1615593600000.0,
            9833.667423527851
        ],
        [
            1616198400000.0,
            9929.901821870442
        ],
        [
            1616803200000.0,
            10008.434709901065
        ],
        [
            1617408000000.0,
            10072.09716638425
        ]
    ],
    "ME": [
        [
            1615593600000.0,
            729.6521193694874
        ],
        [
            1616198400000.0,
            754.2619021112234
        ],
        [
            1616803200000.0,
            777.7907899310524
        ],
        [
            1617408000000.0,
            800.7538599845032
        ]
    ],
    "MD": [
        [
            1615593600000.0,
            8040.187884952702
        ],
        [
            1616198400000.0,
            8125.683304127513
        ],
        [
            1616803200000.0,
            8203.568112878156
        ],
        [
            1617408000000.0,
            8274.533230954388
        ]
    ],
    "MA": [
        [
            1615593600000.0,
            16680.05725676102
        ],
        [
            1616198400000.0,
            16967.427129856635
        ],
        [
            1616803200000.0,
            17232.453483294637
        ],
        [
            1617408000000.0,
            17476.291804791814
        ]
    ],
    "MI": [
        [
            1615593600000.0,
            16824.58089330043
        ],
        [
            1616198400000.0,
            16982.195204936277
        ],
        [
            1616803200000.0,
            17135.975303354244
        ],
        [
            1617408000000.0,
            17301.483779450038
        ]
    ],
    "MN": [
        [
            1615593600000.0,
            6685.094941705132
        ],
        [
            1616198400000.0,
            6747.552442123027
        ],
        [
            1616803200000.0,
            6803.450323939726
        ],
        [
            1617408000000.0,
            6853.979768672692
        ]
    ],