{
    "AL": [
        [
            1608336000000.0,
            298.55735362568885
        ],
        [
            1608940800000.0,
            332.8807268400555
        ],
        [
            1609545600000.0,
            367.29199808057916
        ],
        [
            1610150400000.0,
            400.1429383378281
        ]
    ],
    "AK": [
        [
            1608336000000.0,
            33.01410449558156
        ],
        [
            1608940800000.0,
            36.26331656503713
        ],
        [
            1609545600000.0,
            40.299334691645896
        ],
        [
            1610150400000.0,
            45.05929797172725
        ]
    ],
    "AZ": [
        [
            1608336000000.0,
            360.876765191368
        ],
        [
            1608940800000.0,
            393.5472722970772
        ],
        [
            1609545600000.0,
            425.5408913999716
        ],
        [
            1610150400000.0,
            455.57473767724997
        ]
    ],
    "AR": [
        [
            1608336000000.0,
            230.60835237444203
        ],
        [
            1608940800000.0,
            238.09811257547835
        ],
        [
            1609545600000.0,
            244.12464219606872
        ],
        [
            1610150400000.0,
            249.29446216695354
        ]
    ],
    "CA": [
        [
            1608336000000.0,
            1030.4249995992902
        ],
        [
            1608940800000.0,
            1116.7397805387643
        ],
        [
            1609545600000.0,
            1201.965875216724
        ],
        [
            1610150400000.0,
            1278.1690823804038
        ]
    ],
    "CO": [
        [
            1608336000000.0,
            530.8559884622664
        ],
        [
            1608940800000.0,
            608.5167861492033
        ],
        [
            1609545600000.0,
            680.1290489576731
        ],
        [
            1610150400000.0,
            746.8209353598961
        ]
    ],
    "CT": [
        [
            1608336000000.0,
            252.08339230192047
        ],
        [
            1608940800000.0,
            307.90199212446964
        ],
        [
            1609545600000.0,
            362.15682544699433
        ],
        [
            1610150400000.0,
            427.8751857147328
        ]
    ],
    "DE": [
        [
            1608336000000.0,
            45.9873270054149
        ],
        [
            1608940800000.0,
            51.49715909442274
        ],
        [
            1609545600000.0,
            56.900680723672046
        ],
        [
            1610150400000.0,
            62.26199819571529
        ]
    ],
    "FL": [
        [
            1608336000000.0,
            885.561761407935
        ],
        [
            1608940800000.0,
            953.49490416045
        ],
        [
            1609545600000.0,
            1017.2135798549896
        ],
        [
            1610150400000.0,
            1075.4348812855471
        ]
    ],
    "GA": [
        [
            1608336000000.0,
            396.28868492422765
        ],
        [
            1608940800000.0,
            453.1555609761505
        ],
        [
            1609545600000.0,
            516.0084031007807
        ],
        [
            1610150400000.0,
            584.710447456657
        ]
    ],
    "HI": [
        [
            1608336000000.0,
            24.559482841104323
        ],
        [
            1608940800000.0,
            25.795346640139016
        ],
        [
            1609545600000.0,
            27.171352330640154
        ],
        [
            1610150400000.0,
            28.88772602716384
        ]
    ],
    "ID": [
        [
            1608336000000.0,
            152.4340092562521
        ],
        [
            1608940800000.0,
            164.6808833951028
        ],
        [
            1609545600000.0,
            173.49968529910396
        ],
        [
            1610150400000.0,
            179.11009227492326
        ]
    ],
    "IL": [
        [
            1608336000000.0,
            1207.3458757981207
        ],
        [
            1608940800000.0,
            1304.4277913981828
        ],
        [
            1609545600000.0,
            1379.5863567172917
        ],
        [
            1610150400000.0,
            1437.738809755098
        ]
    ],
    "IN": [
        [
            1608336000000.0,
            622.5618915500513
        ],
        [
            1608940800000.0,
            666.8191311672257
        ],
        [
            1609545600000.0,
            695.0482004597038
        ],
        [
            1610150400000.0,
            701.4435066070288
        ]
    ],
    "IA": [
        [
            1608336000000.0,
            342.53494627250825
        ],
        [
            1608940800000.0,
            330.65243589449324
        ],
        [
            1609545600000.0,
            307.5857886727518
        ],
        [
            1610150400000.0,
            279.2382576078969
        ]
    ],
    "KS": [
        [
            1608336000000.0,
            249.2653975681213
        ],
        [
            1608940800000.0,
            251.56495366705536
        ],
        [
            1609545600000.0,
            248.8416237028194
        ],
        [
            1610150400000.0,
            243.9767493912588
        ]
    ],
    "KY": [
        [
            1608336000000.0,
            173.45042340751573
        ],
        [
            1608940800000.0,
            185.5556916545621
        ],
        [
            1609545600000.0,
            196.60896012924957
        ],
        [
            1610150400000.0,
            206.70023467662
        ]
    ],
    "LA": [
        [
            1608336000000.0,
            266.7468167929491
        ],
        [
            1608940800000.0,
            294.8204169093689
        ],
        [
            1609545600000.0,
            324.0612686360961
        ],
        [
            1610150400000.0,
            352.8100568227717
        ]
    ],
    "ME": [
        [
            1608336000000.0,
            53.290493104913025
        ],
        [
            1608940800000.0,
            65.72701406899222
        ],
        [
            1609545600000.0,
            79.98126618528252
        ],
        [
            1610150400000.0,
            99.42711487286564
        ]
    ],
    "MD": [
        [
            1608336000000.0,
            298.97249096248595
        ],
        [
            1608940800000.0,
            361.8520901745787
        ],
        [
            1609545600000.0,
            429.58413605353553
        ],
        [
            1610150400000.0,
            505.0834271665565
        ]
    ],
    "MA": [
        [
            1608336000000.0,
            401.3476544264244
        ],
        [
            1608940800000.0,
            465.51241070076514
        ],
        [
            1609545600000.0,
            534.8054568478581
        ],
        [
            1610150400000.0,
            603.3747478256503
        ]
    ],
    "MI": [
        [
            1608336000000.0,
            853.771249626246
        ],
        [
            1608940800000.0,
            908.0717908383152
        ],
        [
            1609545600000.0,
            957.1619298764678
        ],
        [
            1610150400000.0,
            987.1620703512393
        ]
    ],
    "MN": [
        [
            1608336000000.0,
            404.3204885881671
        ],
        [
            1608940800000.0,
            415.647686345124
        ],
        [
            1609545600000.0,
            426.51561496687447
        ],
        [
            1610150400000.0,
            416.0309436551897
        ]
    ],