{
    "AL": [
        [
            1611964800000.0,
            563.4997708738587
        ],
        [
            1612569600000.0,
            569.1335486081242
        ],
        [
            1613174400000.0,
            560.5057378641135
        ],
        [
            1613779200000.0,
            540.3957617657545
        ]
    ],
    "AK": [
        [
            1611964800000.0,
            17.22388816672739
        ],
        [
            1612569600000.0,
            17.25310689506189
        ],
        [
            1613174400000.0,
            17.414924029029756
        ],
        [
            1613779200000.0,
            17.721355859829714
        ]
    ],
    "AZ": [
        [
            1611964800000.0,
            1015.6118126465803
        ],
        [
            1612569600000.0,
            1009.4976241779677
        ],
        [
            1613174400000.0,
            968.038237094778
        ],
        [
            1613779200000.0,
            919.7905281329756
        ]
    ],
    "AR": [
        [
            1611964800000.0,
            274.14636690210534
        ],
        [
            1612569600000.0,
            265.0471441829935
        ],
        [
            1613174400000.0,
            251.2547682610514
        ],
        [
            1613779200000.0,
            236.61246585078487
        ]
    ],
    "CA": [
        [
            1611964800000.0,
            3412.1694238279315
        ],
        [
            1612569600000.0,
            3431.9114078400708
        ],
        [
            1613174400000.0,
            3375.159650032946
        ],
        [
            1613779200000.0,
            3263.7953751286045
        ]
    ],
    "CO": [
        [
            1611964800000.0,
            135.15078164089599
        ],
        [
            1612569600000.0,
            118.18976942384958
        ],
        [
            1613174400000.0,
            103.1729714667168
        ],
        [
            1613779200000.0,
            90.24284910501193
        ]
    ],
    "CT": [
        [
            1611964800000.0,
            271.13200837274496
        ],
        [
            1612569600000.0,
            270.2568402897231
        ],
        [
            1613174400000.0,
            266.8004923281609
        ],
        [
            1613779200000.0,
            262.85514327429956
        ]
    ],
    "DE": [
        [
            1611964800000.0,
            45.05218867568674
        ],
        [
            1612569600000.0,
            45.57197894269709
        ],
        [
            1613174400000.0,
            45.092770746998866
        ],
        [
            1613779200000.0,
            44.5496012597705
        ]
    ],
    "FL": [
        [
            1611964800000.0,
            1067.0904331583986
        ],
        [
            1612569600000.0,
            1045.2964203422391
        ],
        [
            1613174400000.0,
            1000.9833186308194
        ],
        [
            1613779200000.0,
            954.4565250880472
        ]
    ],
    "GA": [
        [
            1611964800000.0,
            889.5814761881171
        ],
        [
            1612569600000.0,
            949.1558000676317
        ],
        [
            1613174400000.0,
            996.209349392699
        ],
        [
            1613779200000.0,
            1029.8740237079903
        ]
    ],
    "HI": [
        [
            1611964800000.0,
            14.218971432104235
        ],
        [
            1612569600000.0,
            15.684125473526738
        ],
        [
            1613174400000.0,
            17.253218535159025
        ],
        [
            1613779200000.0,
            19.0735856106178
        ]
    ],
    "ID": [
        [
            1611964800000.0,
            76.92211185264769
        ],
        [
            1612569600000.0,
            72.84077731218586
        ],
        [
            1613174400000.0,
            66.67934143272065
        ],
        [
            1613779200000.0,
            61.672681064116404
        ]
    ],
    "IL": [
        [
            1611964800000.0,
            690.7219900453754
        ],
        [
            1612569600000.0,
            617.0295739107332
        ],
        [
            1613174400000.0,
            551.7272468795402
        ],
        [
            1613779200000.0,
            489.40135967532655
        ]
    ],
    "IN": [
        [
            1611964800000.0,
            402.7642859211653
        ],
        [
            1612569600000.0,
            355.8395932566908
        ],
        [
            1613174400000.0,
            310.4899070290021
        ],
        [
            1613779200000.0,
            267.015027332308
        ]
    ],
    "IA": [
        [
            1611964800000.0,
            172.3478751308516
        ],
        [
            1612569600000.0,
            151.5399717535543
        ],
        [
            1613174400000.0,
            131.59058673919802
        ],
        [
            1613779200000.0,
            113.80441587977785
        ]
    ],
    "KS": [
        [
            1611964800000.0,
            246.39713389154795
        ],
        [
            1612569600000.0,
            234.3928551986589
        ],
        [
            1613174400000.0,
            220.92709850314202
        ],
        [
            1613779200000.0,
            206.58255359045486
        ]
    ],
    "KY": [
        [
            1611964800000.0,
            269.30838218017607
        ],
        [
            1612569600000.0,
            283.5045518479384
        ],
        [
            1613174400000.0,
            293.15359590755037
        ],
        [
            1613779200000.0,
            302.05513246480666
        ]
    ],
    "LA": [
        [
            1611964800000.0,
            318.0288897601656
        ],
        [
            1612569600000.0,
            308.1708672249688
        ],
        [
            1613174400000.0,
            296.5206184606184
        ],
        [
            1613779200000.0,
            281.41946242775015
        ]
    ],
    "ME": [
        [
            1611964800000.0,
            57.18047377788687
        ],
        [
            1612569600000.0,
            60.63272539996925
        ],
        [
            1613174400000.0,
            62.82237187057717
        ],
        [
            1613779200000.0,
            65.72670101674625
        ]
    ],
    "MD": [
        [
            1611964800000.0,
            307.1994581694222
        ],
        [
            1612569600000.0,
            301.6522036985537
        ],
        [
            1613174400000.0,
            292.4986686914886
        ],
        [
            1613779200000.0,
            278.86002932498525
        ]
    ],
    "MA": [
        [
            1611964800000.0,
            459.7222167601415
        ],
        [
            1612569600000.0,
            436.68066003441186
        ],
        [
            1613174400000.0,
            411.1793607248323
        ],
        [
            1613779200000.0,
            383.12597667687277
        ]
    ],
    "MI": [
        [
            1611964800000.0,
            520.6989017444159
        ],
        [
            1612569600000.0,
            454.2433941936934
        ],
        [
            1613174400000.0,
            396.0561514654474
        ],
        [
            1613779200000.0,
            344.3252911105416
        ]
    ],
    "MN": [
        [
            1611964800000.0,
            193.74743520580608
        ],
        [
            1612569600000.0,
            169.4184708724369
        ],
        [
            1613174400000.0,
            144.23414280127912
        ],
        [
            1613779200000.0,
            127.17526832660177
        ]
    ],