{
    "AL": [
        [
            1616198400000.0,
            10498.825038078365
        ],
        [
            1616803200000.0,
            10644.31411339598
        ],
        [
            1617408000000.0,
            10770.582423496671
        ],
        [
            1618012800000.0,
            10883.551598309965
        ]
    ],
    "AK": [
        [
            1616198400000.0,
            306.0
        ],
        [
            1616803200000.0,
            306.0
        ],
        [
            1617408000000.0,
            306.0
        ],
        [
            1618012800000.0,
            306.0
        ]
    ],
    "AZ": [
        [
            1616198400000.0,
            16753.400823582655
        ],
        [
            1616803200000.0,
            16906.097764615384
        ],
        [
            1617408000000.0,
            17017.344015873576
        ],
        [
            1618012800000.0,
            17094.955217997405
        ]
    ],
    "AR": [
        [
            1616198400000.0,
            5563.937052557367
        ],
        [
            1616803200000.0,
            5658.613103217024
        ],
        [
            1617408000000.0,
            5742.681945747632
        ],
        [
            1618012800000.0,
            5818.8978796402
        ]
    ],
    "CA": [
        [
            1616198400000.0,
            58366.00912163909
        ],
        [
            1616803200000.0,
            60077.594247844674
        ],
        [
            1617408000000.0,
            61557.19709785884
        ],
        [
            1618012800000.0,
            62827.81207681387
        ]
    ],
    "CO": [
        [
            1616198400000.0,
            6083.113249517618
        ],
        [
            1616803200000.0,
            6128.4209860145065
        ],
        [
            1617408000000.0,
            6171.462230911108
        ],
        [
            1618012800000.0,
            6213.874078386561
        ]
    ],
    "CT": [
        [
            1616198400000.0,
            7823.301594970323
        ],
        [
            1616803200000.0,
            7877.890124339829
        ],
        [
            1617408000000.0,
            7929.424873468539
        ],
        [
            1618012800000.0,
            7978.470295008782
        ]
    ],
    "DE": [
        [
            1616198400000.0,
            1530.6425423593987
        ],
        [
            1616803200000.0,
            1555.2124602879685
        ],
        [
            1617408000000.0,
            1577.8657778756533
        ],
        [
            1618012800000.0,
            1598.698125577274
        ]
    ],
    "FL": [
        [
            1616198400000.0,
            32781.39379616043
        ],
        [
            1616803200000.0,
            33280.895695546795
        ],
        [
            1617408000000.0,
            33730.56192281809
        ],
        [
            1618012800000.0,
            34138.96192022382
        ]
    ],
    "GA": [
        [
            1616198400000.0,
            18540.097997596225
        ],
        [
            1616803200000.0,
            18826.184250629954
        ],
        [
            1617408000000.0,
            19080.670409762108
        ],
        [
            1618012800000.0,
            19312.85264630712
        ]
    ],
    "HI": [
        [
            1616198400000.0,
            453.4150947030354
        ],
        [
            1616803200000.0,
            458.29269075945183
        ],
        [
            1617408000000.0,
            462.8145522871762
        ],
        [
            1618012800000.0,
            467.1557583866945
        ]
    ],
    "ID": [
        [
            1616198400000.0,
            1932.9334237008184
        ],
        [
            1616803200000.0,
            1956.302652416657
        ],
        [
            1617408000000.0,
            1980.267105582008
        ],
        [
            1618012800000.0,
            2005.318325263917
        ]
    ],
    "IL": [
        [
            1616198400000.0,
            23385.684553529984
        ],
        [
            1616803200000.0,
            23552.899375277004
        ],
        [
            1617408000000.0,
            23699.947148782103
        ],
        [
            1618012800000.0,
            23824.20445763124
        ]
    ],
    "IN": [
        [
            1616198400000.0,
            12954.871849658808
        ],
        [
            1616803200000.0,
            13045.979191016037
        ],
        [
            1617408000000.0,
            13120.994559433542
        ],
        [
            1618012800000.0,
            13184.790391166043
        ]
    ],
    "IA": [
        [
            1616198400000.0,
            5701.28465173946
        ],
        [
            1616803200000.0,
            5761.492683228736
        ],
        [
            1617408000000.0,
            5815.680181596904
        ],
        [
            1618012800000.0,
            5865.732880335569
        ]
    ],
    "KS": [
        [
            1616198400000.0,
            4860.367437775495
        ],
        [
            1616803200000.0,
            4930.275686433597
        ],
        [
            1617408000000.0,
            4989.671086585872
        ],
        [
            1618012800000.0,
            5040.636338976938
        ]
    ],
    "KY": [
        [
            1616198400000.0,
            5107.953843481864
        ],
        [
            1616803200000.0,
            5230.006745084285
        ],
        [
            1617408000000.0,
            5336.105580649612
        ],
        [
            1618012800000.0,
            5429.517194230615
        ]
    ],
    "LA": [
        [
            1616198400000.0,
            9969.006568500645
        ],
        [
            1616803200000.0,
            10061.739725377933
        ],
        [
            1617408000000.0,
            10144.291831633493
        ],
        [
            1618012800000.0,
            10222.383201543453
        ]
    ],
    "ME": [
        [
            1616198400000.0,
            743.1729945353269
        ],
        [
            1616803200000.0,
            762.4568645960984
        ],
        [
            1617408000000.0,
            782.0134213479798
        ],
        [
            1618012800000.0,
            802.4861722925089
        ]
    ],
    "MD": [
        [
            1616198400000.0,
            8136.757012298266
        ],
        [
            1616803200000.0,
            8221.112439239474
        ],
        [
            1617408000000.0,
            8292.169213029172
        ],
        [
            1618012800000.0,
            8354.544481355142
        ]
    ],
    "MA": [
        [
            1616198400000.0,
            16880.769151880955
        ],
        [
            1616803200000.0,
            17126.65141194287
        ],
        [
            1617408000000.0,
            17347.828786056492
        ],
        [
            1618012800000.0,
            17550.566828997562
        ]
    ],
    "MI": [
        [
            1616198400000.0,
            16883.56871939763
        ],
        [
            1616803200000.0,
            16978.213972810012
        ],
        [
            1617408000000.0,
            17060.7941474761
        ],
        [
            1618012800000.0,
            17132.35137588183
        ]
    ],
    "MN": [
        [
            1616198400000.0,
            6886.878402284271
        ],
        [
            1616803200000.0,
            6957.709392506584
        ],
        [
            1617408000000.0,
            7019.904891554421
        ],
        [
            1618012800000.0,
            7077.086495289044
        ]
    ],