{
    "AL": [
        [
            1606521600000.0,
            3689.498642286763
        ],
        [
            1607126400000.0,
            3961.535689007255
        ],
        [
            1607731200000.0,
            4276.955956902117
        ],
        [
            1608336000000.0,
            4639.9885119475675
        ]
    ],
    "AK": [
        [
            1606521600000.0,
            112.11413895581856
        ],
        [
            1607126400000.0,
            123.86961999059805
        ],
        [
            1607731200000.0,
            137.81837456662902
        ],
        [
            1608336000000.0,
            154.40391764323013
        ]
    ],
    "AZ": [
        [
            1606521600000.0,
            6619.96718554166
        ],
        [
            1607126400000.0,
            6800.36040048321
        ],
        [
            1607731200000.0,
            7000.433475647797
        ],
        [
            1608336000000.0,
            7218.101856222889
        ]
    ],
    "AR": [
        [
            1606521600000.0,
            2480.313546384739
        ],
        [
            1607126400000.0,
            2622.8458793632008
        ],
        [
            1607731200000.0,
            2763.631105831763
        ],
        [
            1608336000000.0,
            2902.19963581375
        ]
    ],
    "CA": [
        [
            1606521600000.0,
            19064.059594243983
        ],
        [
            1607126400000.0,
            19454.480432237768
        ],
        [
            1607731200000.0,
            19845.91685661515
        ],
        [
            1608336000000.0,
            20241.499067868303
        ]
    ],
    "CO": [
        [
            1606521600000.0,
            3051.819701178697
        ],
        [
            1607126400000.0,
            3371.8320830068965
        ],
        [
            1607731200000.0,
            3750.162707335458
        ],
        [
            1608336000000.0,
            4188.25451705802
        ]
    ],
    "CT": [
        [
            1606521600000.0,
            4927.460727424691
        ],
        [
            1607126400000.0,
            5048.074865146109
        ],
        [
            1607731200000.0,
            5196.459801108054
        ],
        [
            1608336000000.0,
            5381.444954759832
        ]
    ],
    "DE": [
        [
            1606521600000.0,
            765.7596098353833
        ],
        [
            1607126400000.0,
            788.1052266342128
        ],
        [
            1607731200000.0,
            812.6739434428122
        ],
        [
            1608336000000.0,
            839.6326396549858
        ]
    ],
    "FL": [
        [
            1606521600000.0,
            18703.282286248592
        ],
        [
            1607126400000.0,
            19563.71359531244
        ],
        [
            1607731200000.0,
            20509.452128440837
        ],
        [
            1608336000000.0,
            21531.100932975514
        ]
    ],
    "GA": [
        [
            1606521600000.0,
            9579.961738976264
        ],
        [
            1607126400000.0,
            10007.698864642858
        ],
        [
            1607731200000.0,
            10460.907902479283
        ],
        [
            1608336000000.0,
            10937.067659619828
        ]
    ],
    "HI": [
        [
            1606521600000.0,
            246.3156591601788
        ],
        [
            1607126400000.0,
            262.7201982599596
        ],
        [
            1607731200000.0,
            280.1423316985696
        ],
        [
            1608336000000.0,
            298.8294769583688
        ]
    ],
    "ID": [
        [
            1606521600000.0,
            954.5199612037655
        ],
        [
            1607126400000.0,
            1080.7683318669524
        ],
        [
            1607731200000.0,
            1226.20335383266
        ],
        [
            1608336000000.0,
            1391.1023551095175
        ]
    ],
    "IL": [
        [
            1606521600000.0,
            12754.287088421648
        ],
        [
            1607126400000.0,
            13715.724969724273
        ],
        [
            1607731200000.0,
            14863.993842165795
        ],
        [
            1608336000000.0,
            16239.404868229149
        ]
    ],
    "IN": [
        [
            1606521600000.0,
            5642.784897232354
        ],
        [
            1607126400000.0,
            6114.609105414554
        ],
        [
            1607731200000.0,
            6680.185991539871
        ],
        [
            1608336000000.0,
            7350.514475893109
        ]
    ],
    "IA": [
        [
            1606521600000.0,
            2425.5760856828465
        ],
        [
            1607126400000.0,
            2708.818748276028
        ],
        [
            1607731200000.0,
            3044.227785457865
        ],
        [
            1608336000000.0,
            3436.828515071294
        ]
    ],
    "KS": [
        [
            1606521600000.0,
            1474.5939227915421
        ],
        [
            1607126400000.0,
            1648.7393741320825
        ],
        [
            1607731200000.0,
            1851.014875150203
        ],
        [
            1608336000000.0,
            2086.1094573725127
        ]
    ],
    "KY": [
        [
            1606521600000.0,
            1932.60354671499
        ],
        [
            1607126400000.0,
            2110.5615278257565
        ],
        [
            1607731200000.0,
            2323.2279870335515
        ],
        [
            1608336000000.0,
            2578.5666924647658
        ]
    ],
    "LA": [
        [
            1606521600000.0,
            6347.870106313429
        ],
        [
            1607126400000.0,
            6459.855526128546
        ],
        [
            1607731200000.0,
            6567.959296405849
        ],
        [
            1608336000000.0,
            6673.591109177682
        ]
    ],
    "ME": [
        [
            1606521600000.0,
            191.28453467030917
        ],
        [
            1607126400000.0,
            212.73131791270214
        ],
        [
            1607731200000.0,
            238.86975433099246
        ],
        [
            1608336000000.0,
            270.67280789962774
        ]
    ],
    "MD": [
        [
            1606521600000.0,
            4537.968563357103
        ],
        [
            1607126400000.0,
            4682.143838602276
        ],
        [
            1607731200000.0,
            4851.902113680852
        ],
        [
            1608336000000.0,
            5053.067915817092
        ]
    ],
    "MA": [
        [
            1606521600000.0,
            10723.50433739185
        ],
        [
            1607126400000.0,
            10998.2091688584
        ],
        [
            1607731200000.0,
            11318.44644030408
        ],
        [
            1608336000000.0,
            11689.239216328204
        ]
    ],
    "MI": [
        [
            1606521600000.0,
            9427.282246847348
        ],
        [
            1607126400000.0,
            10120.619875375764
        ],
        [
            1607731200000.0,
            10977.322277748282
        ],
        [
            1608336000000.0,
            12041.913875522698
        ]
    ],
    "MN": [
        [
            1606521600000.0,
            3606.6559292423494
        ],
        [
            1607126400000.0,
            4035.780108787618
        ],
        [
            1607731200000.0,
            4556.472398236256
        ],
        [
            1608336000000.0,
            5181.955430980079
        ]
    ],