{
    "AL": [
        [
            1613174400000.0,
            9457.055113395434
        ],
        [
            1613779200000.0,
            10438.365131244009
        ],
        [
            1614384000000.0,
            11431.346223657963
        ],
        [
            1614988800000.0,
            12405.99458895321
        ]
    ],
    "AK": [
        [
            1613174400000.0,
            290.88017076492383
        ],
        [
            1613779200000.0,
            302.1646314345026
        ],
        [
            1614384000000.0,
            313.3584117125387
        ],
        [
            1614988800000.0,
            324.77697671492814
        ]
    ],
    "AZ": [
        [
            1613174400000.0,
            14925.57570745766
        ],
        [
            1613779200000.0,
            15770.438855626
        ],
        [
            1614384000000.0,
            16523.045680541087
        ],
        [
            1614988800000.0,
            17179.665841434355
        ]
    ],
    "AR": [
        [
            1613174400000.0,
            5287.124196058465
        ],
        [
            1613779200000.0,
            5490.319997701321
        ],
        [
            1614384000000.0,
            5669.131762461758
        ],
        [
            1614988800000.0,
            5826.537719305424
        ]
    ],
    "CA": [
        [
            1613174400000.0,
            47062.119688653285
        ],
        [
            1613779200000.0,
            49941.7697434512
        ],
        [
            1614384000000.0,
            52623.75829274307
        ],
        [
            1614988800000.0,
            55101.67813748336
        ]
    ],
    "CO": [
        [
            1613174400000.0,
            5842.168026789266
        ],
        [
            1613779200000.0,
            5951.221203947481
        ],
        [
            1614384000000.0,
            6051.37463948753
        ],
        [
            1614988800000.0,
            6144.455716854062
        ]
    ],
    "CT": [
        [
            1613174400000.0,
            7387.283296078108
        ],
        [
            1613779200000.0,
            7549.343566528983
        ],
        [
            1614384000000.0,
            7700.021076437403
        ],
        [
            1614988800000.0,
            7842.1078960822915
        ]
    ],
    "DE": [
        [
            1613174400000.0,
            1263.860891807028
        ],
        [
            1613779200000.0,
            1324.5501488077202
        ],
        [
            1614384000000.0,
            1383.1387935499342
        ],
        [
            1614988800000.0,
            1439.458504253868
        ]
    ],
    "FL": [
        [
            1613174400000.0,
            28577.969408591405
        ],
        [
            1613779200000.0,
            29504.986215533496
        ],
        [
            1614384000000.0,
            30368.930556609423
        ],
        [
            1614988800000.0,
            31165.76823647831
        ]
    ],
    "GA": [
        [
            1613174400000.0,
            15859.831988473426
        ],
        [
            1613779200000.0,
            16595.572933482395
        ],
        [
            1614384000000.0,
            17285.315681467673
        ],
        [
            1614988800000.0,
            17924.569266701794
        ]
    ],
    "HI": [
        [
            1613174400000.0,
            427.2220370992185
        ],
        [
            1613779200000.0,
            439.8836312743869
        ],
        [
            1614384000000.0,
            453.3318917544231
        ],
        [
            1614988800000.0,
            468.1630518557995
        ]
    ],
    "ID": [
        [
            1613174400000.0,
            1820.767604409684
        ],
        [
            1613779200000.0,
            1870.2491522378127
        ],
        [
            1614384000000.0,
            1916.4317253700965
        ],
        [
            1614988800000.0,
            1960.8447426627183
        ]
    ],
    "IL": [
        [
            1613174400000.0,
            22189.429493799253
        ],
        [
            1613779200000.0,
            22655.033364509694
        ],
        [
            1614384000000.0,
            23078.3111512671
        ],
        [
            1614988800000.0,
            23461.78729138864
        ]
    ],
    "IN": [
        [
            1613174400000.0,
            12040.219345458272
        ],
        [
            1613779200000.0,
            12293.943078078612
        ],
        [
            1614384000000.0,
            12514.352513850476
        ],
        [
            1614988800000.0,
            12705.52478910584
        ]
    ],
    "IA": [
        [
            1613174400000.0,
            5322.347522278644
        ],
        [
            1613779200000.0,
            5519.999416819458
        ],
        [
            1614384000000.0,
            5700.0151228850345
        ],
        [
            1614988800000.0,
            5863.107237572825
        ]
    ],
    "KS": [
        [
            1613174400000.0,
            4299.91849660533
        ],
        [
            1613779200000.0,
            4508.886425958951
        ],
        [
            1614384000000.0,
            4701.385719070356
        ],
        [
            1614988800000.0,
            4877.540582455546
        ]
    ],
    "KY": [
        [
            1613174400000.0,
            4314.273520601591
        ],
        [
            1613779200000.0,
            4605.068861911923
        ],
        [
            1614384000000.0,
            4890.1131335497685
        ],
        [
            1614988800000.0,
            5164.958022932002
        ]
    ],
    "LA": [
        [
            1613174400000.0,
            9320.349271376888
        ],
        [
            1613779200000.0,
            9540.288717568345
        ],
        [
            1614384000000.0,
            9735.119592024665
        ],
        [
            1614988800000.0,
            9905.47126629896
        ]
    ],
    "ME": [
        [
            1613174400000.0,
            690.3895493159204
        ],
        [
            1613779200000.0,
            743.8866127793173
        ],
        [
            1614384000000.0,
            794.2045546659193
        ],
        [
            1614988800000.0,
            842.816551004249
        ]
    ],
    "MD": [
        [
            1613174400000.0,
            7580.738287174282
        ],
        [
            1613779200000.0,
            7819.060840109533
        ],
        [
            1614384000000.0,
            8045.182467406205
        ],
        [
            1614988800000.0,
            8258.521192200704
        ]
    ],
    "MA": [
        [
            1613174400000.0,
            15348.58996872905
        ],
        [
            1613779200000.0,
            15743.914035076965
        ],
        [
            1614384000000.0,
            16104.755108670355
        ],
        [
            1614988800000.0,
            16434.39643707558
        ]
    ],
    "MI": [
        [
            1613174400000.0,
            16184.480339005362
        ],
        [
            1613779200000.0,
            16465.501172330434
        ],
        [
            1614384000000.0,
            16708.165649343744
        ],
        [
            1614988800000.0,
            16915.439928124833
        ]
    ],
    "MN": [
        [
            1613174400000.0,
            6468.866497186789
        ],
        [
            1613779200000.0,
            6563.656489975572
        ],
        [
            1614384000000.0,
            6642.284189060506
        ],
        [
            1614988800000.0,
            6710.609018658255
        ]
    ],