{
    "AL": [
        [
            1605312000000.0,
            140.07853005318555
        ],
        [
            1605916800000.0,
            160.80595656748062
        ],
        [
            1606521600000.0,
            183.359868790058
        ],
        [
            1607126400000.0,
            207.28119970833595
        ]
    ],
    "AK": [
        [
            1605312000000.0,
            2.045419935021456
        ],
        [
            1605916800000.0,
            2.2618451700259836
        ],
        [
            1606521600000.0,
            2.8227600766852032
        ],
        [
            1607126400000.0,
            3.5560023099442675
        ]
    ],
    "AZ": [
        [
            1605312000000.0,
            190.80129945368265
        ],
        [
            1605916800000.0,
            232.14525541325162
        ],
        [
            1606521600000.0,
            287.36142886560816
        ],
        [
            1607126400000.0,
            334.37917757188285
        ]
    ],
    "AR": [
        [
            1605312000000.0,
            147.44907960366214
        ],
        [
            1605916800000.0,
            148.3741261117576
        ],
        [
            1606521600000.0,
            148.544420474921
        ],
        [
            1607126400000.0,
            148.0707701988381
        ]
    ],
    "CA": [
        [
            1605312000000.0,
            191.6362991972553
        ],
        [
            1605916800000.0,
            164.56859582245346
        ],
        [
            1606521600000.0,
            139.3445361892493
        ],
        [
            1607126400000.0,
            119.51198130042236
        ]
    ],
    "CO": [
        [
            1605312000000.0,
            106.97165980280222
        ],
        [
            1605916800000.0,
            128.66855500448293
        ],
        [
            1606521600000.0,
            154.26379820213572
        ],
        [
            1607126400000.0,
            183.4830565906908
        ]
    ],
    "CT": [
        [
            1605312000000.0,
            68.09972911686178
        ],
        [
            1605916800000.0,
            81.14425390179599
        ],
        [
            1606521600000.0,
            95.07821582493642
        ],
        [
            1607126400000.0,
            113.17998248840338
        ]
    ],
    "DE": [
        [
            1605312000000.0,
            13.631541177125325
        ],
        [
            1605916800000.0,
            15.354602480441306
        ],
        [
            1606521600000.0,
            16.839184069138287
        ],
        [
            1607126400000.0,
            18.47947181450701
        ]
    ],
    "FL": [
        [
            1605312000000.0,
            390.48648195545616
        ],
        [
            1605916800000.0,
            369.4685428882695
        ],
        [
            1606521600000.0,
            350.84774071782624
        ],
        [
            1607126400000.0,
            334.6316816105639
        ]
    ],
    "GA": [
        [
            1605312000000.0,
            157.31015233047899
        ],
        [
            1605916800000.0,
            138.0318560506046
        ],
        [
            1606521600000.0,
            119.22563560801004
        ],
        [
            1607126400000.0,
            102.76769823942831
        ]
    ],
    "HI": [
        [
            1605312000000.0,
            6.1962126361814605
        ],
        [
            1605916800000.0,
            6.296785676332142
        ],
        [
            1606521600000.0,
            7.319612577696402
        ],
        [
            1607126400000.0,
            7.317076275262643
        ]
    ],
    "ID": [
        [
            1605312000000.0,
            71.55543626007469
        ],
        [
            1605916800000.0,
            84.83678418156656
        ],
        [
            1606521600000.0,
            99.00029384255886
        ],
        [
            1607126400000.0,
            113.78923857765692
        ]
    ],
    "IL": [
        [
            1605312000000.0,
            445.601304292228
        ],
        [
            1605916800000.0,
            513.1480194944561
        ],
        [
            1606521600000.0,
            595.0989569824235
        ],
        [
            1607126400000.0,
            693.8182482535452
        ]
    ],
    "IN": [
        [
            1605312000000.0,
            291.14467892938575
        ],
        [
            1605916800000.0,
            348.3688105965887
        ],
        [
            1606521600000.0,
            413.497638006219
        ],
        [
            1607126400000.0,
            483.94111044353457
        ]
    ],
    "IA": [
        [
            1605312000000.0,
            145.4715935699611
        ],
        [
            1605916800000.0,
            173.99539951536602
        ],
        [
            1606521600000.0,
            204.678908989793
        ],
        [
            1607126400000.0,
            245.34916665791752
        ]
    ],
    "KS": [
        [
            1605312000000.0,
            95.91884765986
        ],
        [
            1605916800000.0,
            101.54989826880488
        ],
        [
            1606521600000.0,
            106.66013037340618
        ],
        [
            1607126400000.0,
            111.24602065623384
        ]
    ],
    "KY": [
        [
            1605312000000.0,
            101.66295339464651
        ],
        [
            1605916800000.0,
            115.29205659434177
        ],
        [
            1606521600000.0,
            131.1642106145727
        ],
        [
            1607126400000.0,
            149.6002106513465
        ]
    ],
    "LA": [
        [
            1605312000000.0,
            109.99933173769872
        ],
        [
            1605916800000.0,
            110.57908096091074
        ],
        [
            1606521600000.0,
            110.95407026430202
        ],
        [
            1607126400000.0,
            110.46076807984996
        ]
    ],
    "ME": [
        [
            1605312000000.0,
            8.812167264654953
        ],
        [
            1605916800000.0,
            10.6872516817796
        ],
        [
            1606521600000.0,
            12.41942623662426
        ],
        [
            1607126400000.0,
            14.399029842030355
        ]
    ],
    "MD": [
        [
            1605312000000.0,
            65.86987099269547
        ],
        [
            1605916800000.0,
            74.16343766347117
        ],
        [
            1606521600000.0,
            84.3151939580467
        ],
        [
            1607126400000.0,
            95.71387170072842
        ]
    ],
    "MA": [
        [
            1605312000000.0,
            159.6901662071131
        ],
        [
            1605916800000.0,
            183.32664967642404
        ],
        [
            1606521600000.0,
            209.3053226344231
        ],
        [
            1607126400000.0,
            236.70027799196774
        ]
    ],
    "MI": [
        [
            1605312000000.0,
            283.6934524736385
        ],
        [
            1605916800000.0,
            348.07419644592903
        ],
        [
            1606521600000.0,
            426.78233251868926
        ],
        [
            1607126400000.0,
            514.3691486667359
        ]
    ],
    "MN": [
        [
            1605312000000.0,
            171.44511483155057
        ],
        [
            1605916800000.0,
            205.1072995313797
        ],
        [
            1606521600000.0,
            246.78542896910488
        ],
        [
            1607126400000.0,
            294.4431192820635
        ]
    ],