{
    "AL": [
        [
            1616803200000.0,
            93.651777047966
        ],
        [
            1617408000000.0,
            70.43902463577528
        ],
        [
            1618012800000.0,
            53.696854202843205
        ],
        [
            1618617600000.0,
            41.48200927569175
        ]
    ],
    "AK": [
        [
            1616803200000.0,
            0.0
        ],
        [
            1617408000000.0,
            0.0
        ],
        [
            1618012800000.0,
            0.0
        ],
        [
            1618617600000.0,
            0.0
        ]
    ],
    "AZ": [
        [
            1616803200000.0,
            159.36077268632218
        ],
        [
            1617408000000.0,
            114.8353959551241
        ],
        [
            1618012800000.0,
            79.39822267953336
        ],
        [
            1618617600000.0,
            53.40997434334421
        ]
    ],
    "AR": [
        [
            1616803200000.0,
            55.8047060056789
        ],
        [
            1617408000000.0,
            44.33746544037368
        ],
        [
            1618012800000.0,
            36.00039653104199
        ],
        [
            1618617600000.0,
            29.16326095609092
        ]
    ],
    "CA": [
        [
            1616803200000.0,
            1058.36622928948
        ],
        [
            1617408000000.0,
            877.5486241341326
        ],
        [
            1618012800000.0,
            733.6763660019093
        ],
        [
            1618617600000.0,
            628.3556789865778
        ]
    ],
    "CO": [
        [
            1616803200000.0,
            31.50210826080457
        ],
        [
            1617408000000.0,
            30.032179740087702
        ],
        [
            1618012800000.0,
            29.793031199461367
        ],
        [
            1618617600000.0,
            29.67577473690382
        ]
    ],
    "CT": [
        [
            1616803200000.0,
            67.63809716083261
        ],
        [
            1617408000000.0,
            63.30093761735032
        ],
        [
            1618012800000.0,
            61.389740062957856
        ],
        [
            1618617600000.0,
            57.16320819346144
        ]
    ],
    "DE": [
        [
            1616803200000.0,
            14.060541646715102
        ],
        [
            1617408000000.0,
            13.14228110127117
        ],
        [
            1618012800000.0,
            12.623897327631306
        ],
        [
            1618617600000.0,
            12.360576781345031
        ]
    ],
    "FL": [
        [
            1616803200000.0,
            488.6823656758046
        ],
        [
            1617408000000.0,
            443.2404437182875
        ],
        [
            1618012800000.0,
            405.3994035015759
        ],
        [
            1618617600000.0,
            381.32134055097663
        ]
    ],
    "GA": [
        [
            1616803200000.0,
            318.4213857543615
        ],
        [
            1617408000000.0,
            280.6482274623964
        ],
        [
            1618012800000.0,
            251.0668331985997
        ],
        [
            1618617600000.0,
            231.9005651124677
        ]
    ],
    "HI": [
        [
            1616803200000.0,
            0.0
        ],
        [
            1617408000000.0,
            0.0
        ],
        [
            1618012800000.0,
            0.0
        ],
        [
            1618617600000.0,
            0.0
        ]
    ],
    "ID": [
        [
            1616803200000.0,
            20.715875108036307
        ],
        [
            1617408000000.0,
            22.57617895564528
        ],
        [
            1618012800000.0,
            25.95880744836128
        ],
        [
            1618617600000.0,
            30.392659139803207
        ]
    ],
    "IL": [
        [
            1616803200000.0,
            126.45270971594108
        ],
        [
            1617408000000.0,
            94.56998870670688
        ],
        [
            1618012800000.0,
            67.5006389961412
        ],
        [
            1618617600000.0,
            48.525610298571614
        ]
    ],
    "IN": [
        [
            1616803200000.0,
            59.3646404165392
        ],
        [
            1617408000000.0,
            52.65562745025052
        ],
        [
            1618012800000.0,
            48.90704157986156
        ],
        [
            1618617600000.0,
            42.59965612432069
        ]
    ],
    "IA": [
        [
            1616803200000.0,
            31.10809986120565
        ],
        [
            1617408000000.0,
            25.822571598542428
        ],
        [
            1618012800000.0,
            21.63493572843021
        ],
        [
            1618617600000.0,
            18.342055683263677
        ]
    ],
    "KS": [
        [
            1616803200000.0,
            10.913849070921366
        ],
        [
            1617408000000.0,
            6.943399583501437
        ],
        [
            1618012800000.0,
            3.8368803843494064
        ],
        [
            1618617600000.0,
            1.7096430572052084
        ]
    ],
    "KY": [
        [
            1616803200000.0,
            139.1799650506686
        ],
        [
            1617408000000.0,
            125.0716284809368
        ],
        [
            1618012800000.0,
            115.29632585788733
        ],
        [
            1618617600000.0,
            109.71920797561476
        ]
    ],
    "LA": [
        [
            1616803200000.0,
            87.07894519158683
        ],
        [
            1617408000000.0,
            77.01284846572752
        ],
        [
            1618012800000.0,
            76.27667428563548
        ],
        [
            1618617600000.0,
            82.46443067283877
        ]
    ],
    "ME": [
        [
            1616803200000.0,
            13.16737486887068
        ],
        [
            1617408000000.0,
            13.569670564997477
        ],
        [
            1618012800000.0,
            13.855511734687909
        ],
        [
            1618617600000.0,
            14.821040103041142
        ]
    ],
    "MD": [
        [
            1616803200000.0,
            108.27325865979094
        ],
        [
            1617408000000.0,
            99.19293111243071
        ],
        [
            1618012800000.0,
            98.3742921150453
        ],
        [
            1618617600000.0,
            102.45744314898256
        ]
    ],
    "MA": [
        [
            1616803200000.0,
            227.51592286378693
        ],
        [
            1617408000000.0,
            205.2050434057705
        ],
        [
            1618012800000.0,
            186.4655276927956
        ],
        [
            1618617600000.0,
            170.2991523906092
        ]
    ],
    "MI": [
        [
            1616803200000.0,
            166.59480883216784
        ],
        [
            1617408000000.0,
            201.56765366865
        ],
        [
            1618012800000.0,
            272.85580277170993
        ],
        [
            1618617600000.0,
            447.10383495643646
        ]
    ],
    "MN": [
        [
            1616803200000.0,
            34.97424894354099
        ],
        [
            1617408000000.0,
            34.11780827594537
        ],
        [
            1618012800000.0,
            37.05137968028412
        ],
        [
            1618617600000.0,
            42.56895270330914
        ]
    ],