{
    "AL": [
        [
            1607126400000.0,
            198.14663967310952
        ],
        [
            1607731200000.0,
            222.9026728647117
        ],
        [
            1608336000000.0,
            248.0753086250061
        ],
        [
            1608940800000.0,
            272.47623715714127
        ]
    ],
    "AK": [
        [
            1607126400000.0,
            15.865861172544207
        ],
        [
            1607731200000.0,
            18.405890224237954
        ],
        [
            1608336000000.0,
            21.588448515357143
        ],
        [
            1608940800000.0,
            25.218809503483453
        ]
    ],
    "AZ": [
        [
            1607126400000.0,
            189.48590042059203
        ],
        [
            1607731200000.0,
            211.0638644861673
        ],
        [
            1608336000000.0,
            233.03476631505725
        ],
        [
            1608940800000.0,
            249.00460263659176
        ]
    ],
    "AR": [
        [
            1607126400000.0,
            129.03785280720035
        ],
        [
            1607731200000.0,
            125.26578964581358
        ],
        [
            1608336000000.0,
            120.76232284610458
        ],
        [
            1608940800000.0,
            115.99440440203956
        ]
    ],
    "CA": [
        [
            1607126400000.0,
            476.62518647133453
        ],
        [
            1607731200000.0,
            496.8429673620823
        ],
        [
            1608336000000.0,
            523.5158375385591
        ],
        [
            1608940800000.0,
            556.7455951210394
        ]
    ],
    "CO": [
        [
            1607126400000.0,
            254.19803545316623
        ],
        [
            1607731200000.0,
            301.3293635320365
        ],
        [
            1608336000000.0,
            349.1036589823705
        ],
        [
            1608940800000.0,
            392.9224180885963
        ]
    ],
    "CT": [
        [
            1607126400000.0,
            156.1494754123675
        ],
        [
            1607731200000.0,
            195.20457219303867
        ],
        [
            1608336000000.0,
            246.6196150722396
        ],
        [
            1608940800000.0,
            302.8353889464117
        ]
    ],
    "DE": [
        [
            1607126400000.0,
            24.495511266434544
        ],
        [
            1607731200000.0,
            27.536306616488442
        ],
        [
            1608336000000.0,
            30.39263745802941
        ],
        [
            1608940800000.0,
            33.53482409865689
        ]
    ],
    "FL": [
        [
            1607126400000.0,
            642.2255693999891
        ],
        [
            1607731200000.0,
            682.6611904744167
        ],
        [
            1608336000000.0,
            713.7132952752772
        ],
        [
            1608940800000.0,
            731.0680791823908
        ]
    ],
    "GA": [
        [
            1607126400000.0,
            294.5112390965852
        ],
        [
            1607731200000.0,
            307.94260247109736
        ],
        [
            1608336000000.0,
            323.99459759654303
        ],
        [
            1608940800000.0,
            342.8915377779611
        ]
    ],
    "HI": [
        [
            1607126400000.0,
            13.82533460298514
        ],
        [
            1607731200000.0,
            14.604074715718891
        ],
        [
            1608336000000.0,
            15.436657679306816
        ],
        [
            1608940800000.0,
            16.49891866376813
        ]
    ],
    "ID": [
        [
            1607126400000.0,
            104.65328623747914
        ],
        [
            1607731200000.0,
            116.09504131003244
        ],
        [
            1608336000000.0,
            125.77213483902099
        ],
        [
            1608940800000.0,
            133.19902340089936
        ]
    ],
    "IL": [
        [
            1607126400000.0,
            1000.7783742429584
        ],
        [
            1607731200000.0,
            1182.6313597748667
        ],
        [
            1608336000000.0,
            1392.3907352090005
        ],
        [
            1608940800000.0,
            1620.7235437281604
        ]
    ],
    "IN": [
        [
            1607126400000.0,
            507.004233142654
        ],
        [
            1607731200000.0,
            606.2215552026688
        ],
        [
            1608336000000.0,
            720.4555220684438
        ],
        [
            1608940800000.0,
            845.7416047690966
        ]
    ],
    "IA": [
        [
            1607126400000.0,
            206.24085903252708
        ],
        [
            1607731200000.0,
            220.40998493260048
        ],
        [
            1608336000000.0,
            230.97374239528088
        ],
        [
            1608940800000.0,
            244.32234123220852
        ]
    ],
    "KS": [
        [
            1607126400000.0,
            152.04656313798236
        ],
        [
            1607731200000.0,
            165.08799745742778
        ],
        [
            1608336000000.0,
            178.34425643722219
        ],
        [
            1608940800000.0,
            192.35661786756333
        ]
    ],
    "KY": [
        [
            1607126400000.0,
            121.00914442481155
        ],
        [
            1607731200000.0,
            131.17713651798906
        ],
        [
            1608336000000.0,
            139.4802796398462
        ],
        [
            1608940800000.0,
            148.2172351295462
        ]
    ],
    "LA": [
        [
            1607126400000.0,
            199.1099510547028
        ],
        [
            1607731200000.0,
            208.3948878191716
        ],
        [
            1608336000000.0,
            215.66595750393543
        ],
        [
            1608940800000.0,
            218.9613355168988
        ]
    ],
    "ME": [
        [
            1607126400000.0,
            24.236705849858517
        ],
        [
            1607731200000.0,
            30.26232825174521
        ],
        [
            1608336000000.0,
            36.94155637419065
        ],
        [
            1608940800000.0,
            45.41656858776207
        ]
    ],
    "MD": [
        [
            1607126400000.0,
            180.4896682946369
        ],
        [
            1607731200000.0,
            220.51655248022342
        ],
        [
            1608336000000.0,
            269.9861854046658
        ],
        [
            1608940800000.0,
            330.401540785068
        ]
    ],
    "MA": [
        [
            1607126400000.0,
            247.64865433041192
        ],
        [
            1607731200000.0,
            287.74734487540746
        ],
        [
            1608336000000.0,
            329.00496556111483
        ],
        [
            1608940800000.0,
            377.452514630329
        ]
    ],
    "MI": [
        [
            1607126400000.0,
            704.2233859974074
        ],
        [
            1607731200000.0,
            862.306595460743
        ],
        [
            1608336000000.0,
            1045.3429862198286
        ],
        [
            1608940800000.0,
            1249.5974053842915
        ]
    ],
    "MN": [
        [
            1607126400000.0,
            417.4980358778612
        ],
        [
            1607731200000.0,
            515.615223171573
        ],
        [
            1608336000000.0,
            633.1891289814123
        ],
        [
            1608940800000.0,
            773.1615253103099
        ]
    ],