{
    "AL": [
        [
            1604102400000.0,
            2962.703500749821
        ],
        [
            1604707200000.0,
            3073.2300531843835
        ],
        [
            1605312000000.0,
            3199.453655324376
        ],
        [
            1605916800000.0,
            3343.439610224385
        ]
    ],
    "AK": [
        [
            1604102400000.0,
            69.93095377074907
        ],
        [
            1604707200000.0,
            72.24934287240876
        ],
        [
            1605312000000.0,
            74.58246575779692
        ],
        [
            1605916800000.0,
            76.68766803859755
        ]
    ],
    "AZ": [
        [
            1604102400000.0,
            5902.9906756648215
        ],
        [
            1604707200000.0,
            5937.223119929945
        ],
        [
            1605312000000.0,
            5971.814077365539
        ],
        [
            1605916800000.0,
            6006.996362474166
        ]
    ],
    "AR": [
        [
            1604102400000.0,
            1928.5126031115585
        ],
        [
            1604707200000.0,
            2059.4342963181152
        ],
        [
            1605312000000.0,
            2189.0667610741048
        ],
        [
            1605916800000.0,
            2316.606141940657
        ]
    ],
    "CA": [
        [
            1604102400000.0,
            17756.621242066525
        ],
        [
            1604707200000.0,
            18188.670830401767
        ],
        [
            1605312000000.0,
            18645.685721570204
        ],
        [
            1605916800000.0,
            19136.64681323652
        ]
    ],
    "CO": [
        [
            1604102400000.0,
            2264.7186615788078
        ],
        [
            1604707200000.0,
            2315.203584793797
        ],
        [
            1605312000000.0,
            2369.9024163893178
        ],
        [
            1605916800000.0,
            2429.150463441614
        ]
    ],
    "CT": [
        [
            1604102400000.0,
            4619.061987208412
        ],
        [
            1604707200000.0,
            4666.650988274173
        ],
        [
            1605312000000.0,
            4722.006969728109
        ],
        [
            1605916800000.0,
            4784.085384832878
        ]
    ],
    "DE": [
        [
            1604102400000.0,
            701.4481636203169
        ],
        [
            1604707200000.0,
            724.8125862453372
        ],
        [
            1605312000000.0,
            749.8937606072086
        ],
        [
            1605916800000.0,
            776.4352218793207
        ]
    ],
    "FL": [
        [
            1604102400000.0,
            16945.69755531225
        ],
        [
            1604707200000.0,
            17480.65461292667
        ],
        [
            1605312000000.0,
            18022.733978799137
        ],
        [
            1605916800000.0,
            18565.547839419283
        ]
    ],
    "GA": [
        [
            1604102400000.0,
            7999.823509550063
        ],
        [
            1604707200000.0,
            8167.583336350191
        ],
        [
            1605312000000.0,
            8313.39020644711
        ],
        [
            1605916800000.0,
            8439.394831989277
        ]
    ],
    "HI": [
        [
            1604102400000.0,
            234.27567151233131
        ],
        [
            1604707200000.0,
            256.8349549094212
        ],
        [
            1605312000000.0,
            279.6055451176757
        ],
        [
            1605916800000.0,
            301.2880952942128
        ]
    ],
    "ID": [
        [
            1604102400000.0,
            625.1979113003107
        ],
        [
            1604707200000.0,
            688.9696419536183
        ],
        [
            1605312000000.0,
            764.6757885014771
        ],
        [
            1605916800000.0,
            853.3808169506217
        ]
    ],
    "IL": [
        [
            1604102400000.0,
            10082.201399999894
        ],
        [
            1604707200000.0,
            10454.282112673916
        ],
        [
            1605312000000.0,
            10872.541008724353
        ],
        [
            1605916800000.0,
            11348.896185643984
        ]
    ],
    "IN": [
        [
            1604102400000.0,
            4306.823414421051
        ],
        [
            1604707200000.0,
            4512.618103331605
        ],
        [
            1605312000000.0,
            4738.491418038235
        ],
        [
            1605916800000.0,
            4984.463610755694
        ]
    ],
    "IA": [
        [
            1604102400000.0,
            1735.661980773401
        ],
        [
            1604707200000.0,
            1843.1285090438814
        ],
        [
            1605312000000.0,
            1955.5487954301746
        ],
        [
            1605916800000.0,
            2071.9886213384657
        ]
    ],
    "KS": [
        [
            1604102400000.0,
            1060.080093926573
        ],
        [
            1604707200000.0,
            1174.1065772118025
        ],
        [
            1605312000000.0,
            1298.1577070789358
        ],
        [
            1605916800000.0,
            1431.806602830673
        ]
    ],
    "KY": [
        [
            1604102400000.0,
            1505.0803061426654
        ],
        [
            1604707200000.0,
            1623.3990790724731
        ],
        [
            1605312000000.0,
            1761.9156408115275
        ],
        [
            1605916800000.0,
            1924.398574706562
        ]
    ],
    "LA": [
        [
            1604102400000.0,
            5924.047308185561
        ],
        [
            1604707200000.0,
            6032.418281198237
        ],
        [
            1605312000000.0,
            6144.234636250261
        ],
        [
            1605916800000.0,
            6258.3652860145385
        ]
    ],
    "ME": [
        [
            1604102400000.0,
            153.33397760789578
        ],
        [
            1604707200000.0,
            161.7356183946266
        ],
        [
            1605312000000.0,
            170.9719352473686
        ],
        [
            1605916800000.0,
            180.9090133363697
        ]
    ],
    "MD": [
        [
            1604102400000.0,
            4149.255761164388
        ],
        [
            1604707200000.0,
            4212.779734526619
        ],
        [
            1605312000000.0,
            4282.443796799326
        ],
        [
            1605916800000.0,
            4358.918784288342
        ]
    ],
    "MA": [
        [
            1604102400000.0,
            9958.925756358178
        ],
        [
            1604707200000.0,
            10098.016810655452
        ],
        [
            1605312000000.0,
            10258.882935090804
        ],
        [
            1605916800000.0,
            10443.5419988045
        ]
    ],
    "MI": [
        [
            1604102400000.0,
            7724.966734709038
        ],
        [
            1604707200000.0,
            7963.177051819181
        ],
        [
            1605312000000.0,
            8248.583942084151
        ],
        [
            1605916800000.0,
            8589.605145560683
        ]
    ],
    "MN": [
        [
            1604102400000.0,
            2504.0681273887635
        ],
        [
            1604707200000.0,
            2645.8555132267606
        ],
        [
            1605312000000.0,
            2809.4282895942997
        ],
        [
            1605916800000.0,
            2999.398564222553
        ]
    ],