{
    "AL": [
        [
            1602892800000.0,
            82.68918900789103
        ],
        [
            1603497600000.0,
            92.14540210594362
        ],
        [
            1604102400000.0,
            103.27838768649971
        ],
        [
            1604707200000.0,
            118.45348169473364
        ]
    ],
    "AK": [
        [
            1602892800000.0,
            1.6491573056344704
        ],
        [
            1603497600000.0,
            5.211459278000199
        ],
        [
            1604102400000.0,
            7.939970054290477
        ],
        [
            1604707200000.0,
            9.736509226849003
        ]
    ],
    "AZ": [
        [
            1602892800000.0,
            28.86298144611575
        ],
        [
            1603497600000.0,
            24.034544303387023
        ],
        [
            1604102400000.0,
            19.609349039187805
        ],
        [
            1604707200000.0,
            16.457140089618672
        ]
    ],
    "AR": [
        [
            1602892800000.0,
            153.55581705149586
        ],
        [
            1603497600000.0,
            159.78519389450463
        ],
        [
            1604102400000.0,
            164.25807564257352
        ],
        [
            1604707200000.0,
            167.62523417469689
        ]
    ],
    "CA": [
        [
            1602892800000.0,
            567.0334794543485
        ],
        [
            1603497600000.0,
            545.1115187229707
        ],
        [
            1604102400000.0,
            523.1346989658533
        ],
        [
            1604707200000.0,
            501.37788380095714
        ]
    ],
    "CO": [
        [
            1602892800000.0,
            27.38551461329507
        ],
        [
            1603497600000.0,
            32.94937567780791
        ],
        [
            1604102400000.0,
            39.053481526140864
        ],
        [
            1604707200000.0,
            46.6041389642688
        ]
    ],
    "CT": [
        [
            1602892800000.0,
            11.205641490577948
        ],
        [
            1603497600000.0,
            12.560879188707135
        ],
        [
            1604102400000.0,
            13.292399858199527
        ],
        [
            1604707200000.0,
            14.374718351186207
        ]
    ],
    "DE": [
        [
            1602892800000.0,
            9.928343144842838
        ],
        [
            1603497600000.0,
            12.496702322146096
        ],
        [
            1604102400000.0,
            14.185299926354828
        ],
        [
            1604707200000.0,
            15.838364605829678
        ]
    ],
    "FL": [
        [
            1602892800000.0,
            551.4343110817601
        ],
        [
            1603497600000.0,
            552.8910055984945
        ],
        [
            1604102400000.0,
            564.0091855442088
        ],
        [
            1604707200000.0,
            579.4786024130408
        ]
    ],
    "GA": [
        [
            1602892800000.0,
            301.4673851757292
        ],
        [
            1603497600000.0,
            281.64654850218164
        ],
        [
            1604102400000.0,
            258.14992989679763
        ],
        [
            1604707200000.0,
            234.409043478446
        ]
    ],
    "HI": [
        [
            1602892800000.0,
            6.573578483515612
        ],
        [
            1603497600000.0,
            6.876116943571099
        ],
        [
            1604102400000.0,
            6.286512214327985
        ],
        [
            1604707200000.0,
            5.7173157201153115
        ]
    ],
    "ID": [
        [
            1602892800000.0,
            33.528822782830176
        ],
        [
            1603497600000.0,
            39.99965933863307
        ],
        [
            1604102400000.0,
            47.966201935058145
        ],
        [
            1604707200000.0,
            56.99958917109396
        ]
    ],
    "IL": [
        [
            1602892800000.0,
            160.19123569144762
        ],
        [
            1603497600000.0,
            165.59157159780628
        ],
        [
            1604102400000.0,
            170.2923084920425
        ],
        [
            1604707200000.0,
            172.45767259225002
        ]
    ],
    "IN": [
        [
            1602892800000.0,
            95.50200020347029
        ],
        [
            1603497600000.0,
            115.32165351813822
        ],
        [
            1604102400000.0,
            140.3832184839931
        ],
        [
            1604707200000.0,
            171.8999569648129
        ]
    ],
    "IA": [
        [
            1602892800000.0,
            82.99241138382396
        ],
        [
            1603497600000.0,
            100.3757261426238
        ],
        [
            1604102400000.0,
            120.7721579811338
        ],
        [
            1604707200000.0,
            148.66010022337238
        ]
    ],
    "KS": [
        [
            1602892800000.0,
            79.38597652029407
        ],
        [
            1603497600000.0,
            87.28969495338579
        ],
        [
            1604102400000.0,
            95.38367954388504
        ],
        [
            1604707200000.0,
            103.33029602033146
        ]
    ],
    "KY": [
        [
            1602892800000.0,
            54.48851693711778
        ],
        [
            1603497600000.0,
            56.79379621914626
        ],
        [
            1604102400000.0,
            57.346289450594405
        ],
        [
            1604707200000.0,
            57.695029878351704
        ]
    ],
    "LA": [
        [
            1602892800000.0,
            127.72947985336613
        ],
        [
            1603497600000.0,
            112.99506335116844
        ],
        [
            1604102400000.0,
            99.7722009747624
        ],
        [
            1604707200000.0,
            87.65676247968355
        ]
    ],
    "ME": [
        [
            1602892800000.0,
            3.5967269830097126
        ],
        [
            1603497600000.0,
            5.387346048036034
        ],
        [
            1604102400000.0,
            6.1730640667329135
        ],
        [
            1604707200000.0,
            6.820263389623375
        ]
    ],
    "MD": [
        [
            1602892800000.0,
            44.87238471183533
        ],
        [
            1603497600000.0,
            46.05435793526775
        ],
        [
            1604102400000.0,
            46.40197917426792
        ],
        [
            1604707200000.0,
            46.54630085442993
        ]
    ],
    "MA": [
        [
            1602892800000.0,
            83.11398185894387
        ],
        [
            1603497600000.0,
            94.88486369980512
        ],
        [
            1604102400000.0,
            110.79067218139632
        ],
        [
            1604707200000.0,
            130.65008077812865
        ]
    ],
    "MI": [
        [
            1602892800000.0,
            116.42166873773714
        ],
        [
            1603497600000.0,
            126.58585860035788
        ],
        [
            1604102400000.0,
            134.23099852867568
        ],
        [
            1604707200000.0,
            142.33818944327555
        ]
    ],
    "MN": [
        [
            1602892800000.0,
            64.34012389514947
        ],
        [
            1603497600000.0,
            67.69150807607886
        ],
        [
            1604102400000.0,
            69.71394607773975
        ],
        [
            1604707200000.0,
            72.35257722029434
        ]
    ],