{
    "AL": [
        [
            1613779200000.0,
            800.8776748184082
        ],
        [
            1614384000000.0,
            777.5243066188842
        ],
        [
            1614988800000.0,
            734.3270290604355
        ],
        [
            1615593600000.0,
            673.724460329991
        ]
    ],
    "AK": [
        [
            1613779200000.0,
            12.18884173767708
        ],
        [
            1614384000000.0,
            11.450431447891203
        ],
        [
            1614988800000.0,
            11.251443133797691
        ],
        [
            1615593600000.0,
            11.388500496867952
        ]
    ],
    "AZ": [
        [
            1613779200000.0,
            855.4711609631515
        ],
        [
            1614384000000.0,
            760.8034190734128
        ],
        [
            1614988800000.0,
            662.1032663369566
        ],
        [
            1615593600000.0,
            555.3442421607276
        ]
    ],
    "AR": [
        [
            1613779200000.0,
            189.35943633824175
        ],
        [
            1614384000000.0,
            165.83741844254683
        ],
        [
            1614988800000.0,
            143.38132473207435
        ],
        [
            1615593600000.0,
            123.89510765974283
        ]
    ],
    "CA": [
        [
            1613779200000.0,
            2849.705897969376
        ],
        [
            1614384000000.0,
            2650.9478687760297
        ],
        [
            1614988800000.0,
            2446.3555959678174
        ],
        [
            1615593600000.0,
            2238.226891728544
        ]
    ],
    "CO": [
        [
            1613779200000.0,
            113.32727977643584
        ],
        [
            1614384000000.0,
            105.39271787934764
        ],
        [
            1614988800000.0,
            97.98323985985522
        ],
        [
            1615593600000.0,
            92.2807255350874
        ]
    ],
    "CT": [
        [
            1613779200000.0,
            167.81784512716288
        ],
        [
            1614384000000.0,
            157.3232062530741
        ],
        [
            1614988800000.0,
            144.20867589305976
        ],
        [
            1615593600000.0,
            133.9922621942357
        ]
    ],
    "DE": [
        [
            1613779200000.0,
            41.41893769668994
        ],
        [
            1614384000000.0,
            38.24722014522167
        ],
        [
            1614988800000.0,
            36.058400221517545
        ],
        [
            1615593600000.0,
            34.89024300235212
        ]
    ],
    "FL": [
        [
            1613779200000.0,
            928.4440561764096
        ],
        [
            1614384000000.0,
            863.1911656311255
        ],
        [
            1614988800000.0,
            793.3691412709604
        ],
        [
            1615593600000.0,
            719.711569061584
        ]
    ],
    "GA": [
        [
            1613779200000.0,
            678.6323776439068
        ],
        [
            1614384000000.0,
            633.6507000687685
        ],
        [
            1614988800000.0,
            583.0766953224264
        ],
        [
            1615593600000.0,
            532.436054535238
        ]
    ],
    "HI": [
        [
            1613779200000.0,
            14.593223716817317
        ],
        [
            1614384000000.0,
            15.04400682509116
        ],
        [
            1614988800000.0,
            15.912538614219583
        ],
        [
            1615593600000.0,
            17.289159923467423
        ]
    ],
    "ID": [
        [
            1613779200000.0,
            45.404046463435634
        ],
        [
            1614384000000.0,
            42.03360097034157
        ],
        [
            1614988800000.0,
            39.28526646082129
        ],
        [
            1615593600000.0,
            37.72646697870316
        ]
    ],
    "IL": [
        [
            1613779200000.0,
            455.05860658463394
        ],
        [
            1614384000000.0,
            409.4560066765296
        ],
        [
            1614988800000.0,
            366.9560086479849
        ],
        [
            1615593600000.0,
            327.124288081562
        ]
    ],
    "IN": [
        [
            1613779200000.0,
            312.89684862312373
        ],
        [
            1614384000000.0,
            275.13609755458305
        ],
        [
            1614988800000.0,
            239.243080344403
        ],
        [
            1615593600000.0,
            211.44526112329496
        ]
    ],
    "IA": [
        [
            1613779200000.0,
            139.03085173359227
        ],
        [
            1614384000000.0,
            123.2033075182654
        ],
        [
            1614988800000.0,
            108.72532401219335
        ],
        [
            1615593600000.0,
            96.57674413259365
        ]
    ],
    "KS": [
        [
            1613779200000.0,
            212.2754314353136
        ],
        [
            1614384000000.0,
            199.5874058451327
        ],
        [
            1614988800000.0,
            186.03759044449308
        ],
        [
            1615593600000.0,
            173.35935606661928
        ]
    ],
    "KY": [
        [
            1613779200000.0,
            268.3039218739137
        ],
        [
            1614384000000.0,
            255.4244048141086
        ],
        [
            1614988800000.0,
            239.82049276820072
        ],
        [
            1615593600000.0,
            222.9356531768252
        ]
    ],
    "LA": [
        [
            1613779200000.0,
            208.48562804303612
        ],
        [
            1614384000000.0,
            182.7380321831552
        ],
        [
            1614988800000.0,
            157.29893452722604
        ],
        [
            1615593600000.0,
            135.02378312586262
        ]
    ],
    "ME": [
        [
            1613779200000.0,
            51.02798851152634
        ],
        [
            1614384000000.0,
            50.60827528002075
        ],
        [
            1614988800000.0,
            49.907030769899926
        ],
        [
            1615593600000.0,
            49.39173170363489
        ]
    ],
    "MD": [
        [
            1613779200000.0,
            239.34776266832276
        ],
        [
            1614384000000.0,
            227.09144701452385
        ],
        [
            1614988800000.0,
            211.07862708474164
        ],
        [
            1615593600000.0,
            197.45269572675036
        ]
    ],
    "MA": [
        [
            1613779200000.0,
            394.2560394712089
        ],
        [
            1614384000000.0,
            371.4698433724402
        ],
        [
            1614988800000.0,
            340.51139314242954
        ],
        [
            1615593600000.0,
            316.7796576721915
        ]
    ],
    "MI": [
        [
            1613779200000.0,
            256.160877770851
        ],
        [
            1614384000000.0,
            216.77923168573105
        ],
        [
            1614988800000.0,
            186.51444921944443
        ],
        [
            1615593600000.0,
            157.51855066303335
        ]
    ],
    "MN": [
        [
            1613779200000.0,
            96.36162676827092
        ],
        [
            1614384000000.0,
            84.52624051299934
        ],
        [
            1614988800000.0,
            75.96672108405029
        ],
        [
            1615593600000.0,
            67.41310067764638
        ]
    ],