{
    "AL": [
        [
            1608336000000.0,
            4400.557353625689
        ],
        [
            1608940800000.0,
            4733.438080465744
        ],
        [
            1609545600000.0,
            5100.730078546323
        ],
        [
            1610150400000.0,
            5500.87301688415
        ]
    ],
    "AK": [
        [
            1608336000000.0,
            209.0141044955816
        ],
        [
            1608940800000.0,
            245.2774210606187
        ],
        [
            1609545600000.0,
            285.57675575226466
        ],
        [
            1610150400000.0,
            330.63605372399184
        ]
    ],
    "AZ": [
        [
            1608336000000.0,
            7682.876765191369
        ],
        [
            1608940800000.0,
            8076.424037488445
        ],
        [
            1609545600000.0,
            8501.964928888416
        ],
        [
            1610150400000.0,
            8957.539666565666
        ]
    ],
    "AR": [
        [
            1608336000000.0,
            3141.6083523744423
        ],
        [
            1608940800000.0,
            3379.7064649499202
        ],
        [
            1609545600000.0,
            3623.831107145989
        ],
        [
            1610150400000.0,
            3873.1255693129424
        ]
    ],
    "CA": [
        [
            1608336000000.0,
            21988.42499959929
        ],
        [
            1608940800000.0,
            23105.164780138053
        ],
        [
            1609545600000.0,
            24307.130655354777
        ],
        [
            1610150400000.0,
            25585.299737735182
        ]
    ],
    "CO": [
        [
            1608336000000.0,
            4401.855988462266
        ],
        [
            1608940800000.0,
            5010.372774611469
        ],
        [
            1609545600000.0,
            5690.501823569142
        ],
        [
            1610150400000.0,
            6437.322758929038
        ]
    ],
    "CT": [
        [
            1608336000000.0,
            5615.083392301922
        ],
        [
            1608940800000.0,
            5922.985384426392
        ],
        [
            1609545600000.0,
            6285.142209873385
        ],
        [
            1610150400000.0,
            6713.017395588116
        ]
    ],
    "DE": [
        [
            1608336000000.0,
            860.9873270054151
        ],
        [
            1608940800000.0,
            912.4844860998377
        ],
        [
            1609545600000.0,
            969.3851668235096
        ],
        [
            1610150400000.0,
            1031.647165019225
        ]
    ],
    "FL": [
        [
            1608336000000.0,
            20670.56176140793
        ],
        [
            1608940800000.0,
            21624.056665568383
        ],
        [
            1609545600000.0,
            22641.270245423373
        ],
        [
            1610150400000.0,
            23716.70512670892
        ]
    ],
    "GA": [
        [
            1608336000000.0,
            10471.288684924228
        ],
        [
            1608940800000.0,
            10924.44424590038
        ],
        [
            1609545600000.0,
            11440.45264900116
        ],
        [
            1610150400000.0,
            12025.163096457814
        ]
    ],
    "HI": [
        [
            1608336000000.0,
            295.5594828411044
        ],
        [
            1608940800000.0,
            321.35482948124337
        ],
        [
            1609545600000.0,
            348.52618181188353
        ],
        [
            1610150400000.0,
            377.4139078390474
        ]
    ],
    "ID": [
        [
            1608336000000.0,
            1321.434009256252
        ],
        [
            1608940800000.0,
            1486.1148926513547
        ],
        [
            1609545600000.0,
            1659.6145779504584
        ],
        [
            1610150400000.0,
            1838.7246702253822
        ]
    ],
    "IL": [
        [
            1608336000000.0,
            16438.345875798117
        ],
        [
            1608940800000.0,
            17742.773667196303
        ],
        [
            1609545600000.0,
            19122.3600239136
        ],
        [
            1610150400000.0,
            20560.09883366869
        ]
    ],
    "IN": [
        [
            1608336000000.0,
            7380.561891550051
        ],
        [
            1608940800000.0,
            8047.381022717275
        ],
        [
            1609545600000.0,
            8742.42922317698
        ],
        [
            1610150400000.0,
            9443.872729784007
        ]
    ],
    "IA": [
        [
            1608336000000.0,
            3550.534946272508
        ],
        [
            1608940800000.0,
            3881.1873821670015
        ],
        [
            1609545600000.0,
            4188.773170839753
        ],
        [
            1610150400000.0,
            4468.01142844765
        ]
    ],
    "KS": [
        [
            1608336000000.0,
            2321.265397568121
        ],
        [
            1608940800000.0,
            2572.830351235177
        ],
        [
            1609545600000.0,
            2821.6719749379963
        ],
        [
            1610150400000.0,
            3065.648724329255
        ]
    ],
    "KY": [
        [
            1608336000000.0,
            2365.4504234075157
        ],
        [
            1608940800000.0,
            2551.0061150620777
        ],
        [
            1609545600000.0,
            2747.6150751913274
        ],
        [
            1610150400000.0,
            2954.315309867947
        ]
    ],
    "LA": [
        [
            1608336000000.0,
            7033.746816792949
        ],
        [
            1608940800000.0,
            7328.567233702318
        ],
        [
            1609545600000.0,
            7652.628502338414
        ],
        [
            1610150400000.0,
            8005.438559161186
        ]
    ],
    "ME": [
        [
            1608336000000.0,
            310.29049310491297
        ],
        [
            1608940800000.0,
            376.01750717390524
        ],
        [
            1609545600000.0,
            455.9987733591877
        ],
        [
            1610150400000.0,
            555.4258882320534
        ]
    ],
    "MD": [
        [
            1608336000000.0,
            5398.972490962486
        ],
        [
            1608940800000.0,
            5760.824581137064
        ],
        [
            1609545600000.0,
            6190.408717190599
        ],
        [
            1610150400000.0,
            6695.492144357156
        ]
    ],
    "MA": [
        [
            1608336000000.0,
            11708.347654426423
        ],
        [
            1608940800000.0,
            12173.86006512719
        ],
        [
            1609545600000.0,
            12708.665521975048
        ],
        [
            1610150400000.0,
            13312.040269800698
        ]
    ],
    "MI": [
        [
            1608336000000.0,
            12048.771249626248
        ],
        [
            1608940800000.0,
            12956.843040464562
        ],
        [
            1609545600000.0,
            13914.00497034103
        ],
        [
            1610150400000.0,
            14901.167040692268
        ]
    ],
    "MN": [
        [
            1608336000000.0,
            4822.320488588167
        ],
        [
            1608940800000.0,
            5237.968174933291
        ],
        [
            1609545600000.0,
            5664.483789900166
        ],
        [
            1610150400000.0,
            6080.5147335553565
        ]
    ],