{
    "AL": [
        [
            1614384000000.0,
            373.030595998687
        ],
        [
            1614988800000.0,
            317.805332196349
        ],
        [
            1615593600000.0,
            266.5228753740656
        ],
        [
            1616198400000.0,
            217.71208982864812
        ]
    ],
    "AK": [
        [
            1614384000000.0,
            6.112713806104919
        ],
        [
            1614988800000.0,
            4.506806958668383
        ],
        [
            1615593600000.0,
            3.926606208341376
        ],
        [
            1616198400000.0,
            3.9058919466112094
        ]
    ],
    "AZ": [
        [
            1614384000000.0,
            565.4197682658132
        ],
        [
            1614988800000.0,
            469.9201657845772
        ],
        [
            1615593600000.0,
            380.97195544543615
        ],
        [
            1616198400000.0,
            303.24275474204865
        ]
    ],
    "AR": [
        [
            1614384000000.0,
            98.21781533985936
        ],
        [
            1614988800000.0,
            78.97143302771602
        ],
        [
            1615593600000.0,
            63.76710608383391
        ],
        [
            1616198400000.0,
            50.91425999556094
        ]
    ],
    "CA": [
        [
            1614384000000.0,
            2159.225245218539
        ],
        [
            1614988800000.0,
            1919.8354521443976
        ],
        [
            1615593600000.0,
            1703.0590104521116
        ],
        [
            1616198400000.0,
            1482.837592153097
        ]
    ],
    "CO": [
        [
            1614384000000.0,
            81.98379720371427
        ],
        [
            1614988800000.0,
            73.03656880229042
        ],
        [
            1615593600000.0,
            65.44773959818733
        ],
        [
            1616198400000.0,
            60.93797218464043
        ]
    ],
    "CT": [
        [
            1614384000000.0,
            130.97865503447474
        ],
        [
            1614988800000.0,
            119.04116047120796
        ],
        [
            1615593600000.0,
            108.96314274902564
        ],
        [
            1616198400000.0,
            98.82298564237902
        ]
    ],
    "DE": [
        [
            1614384000000.0,
            40.81848539389944
        ],
        [
            1614988800000.0,
            37.76183332321138
        ],
        [
            1615593600000.0,
            34.042826924334314
        ],
        [
            1616198400000.0,
            30.26382959702827
        ]
    ],
    "FL": [
        [
            1614384000000.0,
            913.2834356023012
        ],
        [
            1614988800000.0,
            840.4913814102383
        ],
        [
            1615593600000.0,
            763.595927966587
        ],
        [
            1616198400000.0,
            691.4421825189853
        ]
    ],
    "GA": [
        [
            1614384000000.0,
            883.0516721329602
        ],
        [
            1614988800000.0,
            861.1972829361802
        ],
        [
            1615593600000.0,
            829.5948685215161
        ],
        [
            1616198400000.0,
            789.1650391321346
        ]
    ],
    "HI": [
        [
            1614384000000.0,
            0.0
        ],
        [
            1614988800000.0,
            0.0
        ],
        [
            1615593600000.0,
            0.0
        ],
        [
            1616198400000.0,
            0.0
        ]
    ],
    "ID": [
        [
            1614384000000.0,
            23.966073690949717
        ],
        [
            1614988800000.0,
            19.751654427252447
        ],
        [
            1615593600000.0,
            16.5439828606067
        ],
        [
            1616198400000.0,
            14.150357937165277
        ]
    ],
    "IL": [
        [
            1614384000000.0,
            362.841044923784
        ],
        [
            1614988800000.0,
            318.31192743827035
        ],
        [
            1615593600000.0,
            277.8268064481895
        ],
        [
            1616198400000.0,
            235.50141005058097
        ]
    ],
    "IN": [
        [
            1614384000000.0,
            198.2880554625222
        ],
        [
            1614988800000.0,
            170.42811975967635
        ],
        [
            1615593600000.0,
            143.37904843518794
        ],
        [
            1616198400000.0,
            122.10013035464368
        ]
    ],
    "IA": [
        [
            1614384000000.0,
            99.17292898362211
        ],
        [
            1614988800000.0,
            83.30781748571476
        ],
        [
            1615593600000.0,
            69.77175952636482
        ],
        [
            1616198400000.0,
            58.3034053798854
        ]
    ],
    "KS": [
        [
            1614384000000.0,
            209.90002216030197
        ],
        [
            1614988800000.0,
            193.52739487610555
        ],
        [
            1615593600000.0,
            178.276100103929
        ],
        [
            1616198400000.0,
            164.94507052156928
        ]
    ],
    "KY": [
        [
            1614384000000.0,
            178.65655459896865
        ],
        [
            1614988800000.0,
            163.70519389438982
        ],
        [
            1615593600000.0,
            147.01619010903406
        ],
        [
            1616198400000.0,
            129.0221163170411
        ]
    ],
    "LA": [
        [
            1614384000000.0,
            158.17132231693404
        ],
        [
            1614988800000.0,
            132.0168607209387
        ],
        [
            1615593600000.0,
            109.18074897621004
        ],
        [
            1616198400000.0,
            88.96172692057712
        ]
    ],
    "ME": [
        [
            1614384000000.0,
            14.10990502175394
        ],
        [
            1614988800000.0,
            13.113738416051428
        ],
        [
            1615593600000.0,
            11.656851994734993
        ],
        [
            1616198400000.0,
            10.542422022659371
        ]
    ],
    "MD": [
        [
            1614384000000.0,
            180.40450251310287
        ],
        [
            1614988800000.0,
            164.31390167215793
        ],
        [
            1615593600000.0,
            152.5770710127027
        ],
        [
            1616198400000.0,
            137.8415737171899
        ]
    ],
    "MA": [
        [
            1614384000000.0,
            313.0191327633957
        ],
        [
            1614988800000.0,
            288.6353941536481
        ],
        [
            1615593600000.0,
            264.77035627417536
        ],
        [
            1616198400000.0,
            243.73714339755725
        ]
    ],
    "MI": [
        [
            1614384000000.0,
            212.3300154998593
        ],
        [
            1614988800000.0,
            179.88648510998271
        ],
        [
            1615593600000.0,
            149.3006734499693
        ],
        [
            1616198400000.0,
            125.9643003483372
        ]
    ],
    "MN": [
        [
            1614384000000.0,
            54.071487934829406
        ],
        [
            1614988800000.0,
            42.92171314793638
        ],
        [
            1615593600000.0,
            34.097281830746496
        ],
        [
            1616198400000.0,
            26.71402399323102
        ]
    ],