{
    "AL": [
        [
            1604707200000.0,
            3074.844839429305
        ],
        [
            1605312000000.0,
            3196.689393638977
        ],
        [
            1605916800000.0,
            3331.708601734496
        ],
        [
            1606521600000.0,
            3482.954444552573
        ]
    ],
    "AK": [
        [
            1604707200000.0,
            94.84893759182144
        ],
        [
            1605312000000.0,
            112.20323206646843
        ],
        [
            1605916800000.0,
            135.60407011239977
        ],
        [
            1606521600000.0,
            166.49937367975656
        ]
    ],
    "AZ": [
        [
            1604707200000.0,
            6107.937396940323
        ],
        [
            1605312000000.0,
            6259.1750436279945
        ],
        [
            1605916800000.0,
            6433.973893251657
        ],
        [
            1606521600000.0,
            6638.472884830871
        ]
    ],
    "AR": [
        [
            1604707200000.0,
            2069.298158082625
        ],
        [
            1605312000000.0,
            2214.934384781724
        ],
        [
            1605916800000.0,
            2360.945488610412
        ],
        [
            1606521600000.0,
            2506.827020046979
        ]
    ],
    "CA": [
        [
            1604707200000.0,
            17851.961568715167
        ],
        [
            1605312000000.0,
            18016.882004661347
        ],
        [
            1605916800000.0,
            18155.076922466058
        ],
        [
            1606521600000.0,
            18271.874792203125
        ]
    ],
    "CO": [
        [
            1604707200000.0,
            2350.5404855441298
        ],
        [
            1605312000000.0,
            2424.2479442288864
        ],
        [
            1605916800000.0,
            2507.1041105554305
        ],
        [
            1606521600000.0,
            2600.7589568361764
        ]
    ],
    "CT": [
        [
            1604707200000.0,
            4658.446950038649
        ],
        [
            1605312000000.0,
            4707.6397063361355
        ],
        [
            1605916800000.0,
            4768.076326268338
        ],
        [
            1606521600000.0,
            4837.6575027784165
        ]
    ],
    "DE": [
        [
            1604707200000.0,
            734.4529720830988
        ],
        [
            1605312000000.0,
            762.4086422667543
        ],
        [
            1605916800000.0,
            791.2904309697825
        ],
        [
            1606521600000.0,
            821.2109792508618
        ]
    ],
    "FL": [
        [
            1604707200000.0,
            17038.059033626538
        ],
        [
            1605312000000.0,
            17277.575899964693
        ],
        [
            1605916800000.0,
            17488.387175176318
        ],
        [
            1606521600000.0,
            17674.01258167941
        ]
    ],
    "GA": [
        [
            1604707200000.0,
            8145.799677394726
        ],
        [
            1605312000000.0,
            8290.590780008024
        ],
        [
            1605916800000.0,
            8415.571707512518
        ],
        [
            1606521600000.0,
            8522.724938854826
        ]
    ],
    "HI": [
        [
            1604707200000.0,
            225.31349432877425
        ],
        [
            1605312000000.0,
            231.39980428407767
        ],
        [
            1605916800000.0,
            237.73295896235146
        ],
        [
            1606521600000.0,
            244.04481953651444
        ]
    ],
    "ID": [
        [
            1604707200000.0,
            692.4106586783623
        ],
        [
            1605312000000.0,
            768.4791076825422
        ],
        [
            1605916800000.0,
            858.4573171915404
        ],
        [
            1606521600000.0,
            963.6766721342374
        ]
    ],
    "IL": [
        [
            1604707200000.0,
            10246.02042907952
        ],
        [
            1605312000000.0,
            10540.208954684456
        ],
        [
            1605916800000.0,
            10882.205597938277
        ],
        [
            1606521600000.0,
            11274.988858660827
        ]
    ],
    "IN": [
        [
            1604707200000.0,
            4528.104037546457
        ],
        [
            1605312000000.0,
            4749.424574174654
        ],
        [
            1605916800000.0,
            4998.576419853637
        ],
        [
            1606521600000.0,
            5279.284539597105
        ]
    ],
    "IA": [
        [
            1604707200000.0,
            1802.4921564633971
        ],
        [
            1605312000000.0,
            1893.120328898111
        ],
        [
            1605916800000.0,
            1984.8661686040475
        ],
        [
            1606521600000.0,
            2078.398001370489
        ]
    ],
    "KS": [
        [
            1604707200000.0,
            1119.7082845136786
        ],
        [
            1605312000000.0,
            1221.569153580787
        ],
        [
            1605916800000.0,
            1330.171369818571
        ],
        [
            1606521600000.0,
            1445.4067464232382
        ]
    ],
    "KY": [
        [
            1604707200000.0,
            1588.3205315262094
        ],
        [
            1605312000000.0,
            1708.4091532463788
        ],
        [
            1605916800000.0,
            1847.927232904462
        ],
        [
            1606521600000.0,
            2010.718003434968
        ]
    ],
    "LA": [
        [
            1604707200000.0,
            6030.505230171891
        ],
        [
            1605312000000.0,
            6144.829248706734
        ],
        [
            1605916800000.0,
            6260.522733605719
        ],
        [
            1606521600000.0,
            6377.1794473150085
        ]
    ],
    "ME": [
        [
            1604707200000.0,
            152.82223342148114
        ],
        [
            1605312000000.0,
            159.97534562993738
        ],
        [
            1605916800000.0,
            168.1890014677939
        ],
        [
            1606521600000.0,
            177.74924833929387
        ]
    ],
    "MD": [
        [
            1604707200000.0,
            4210.655147705653
        ],
        [
            1605312000000.0,
            4280.441171997189
        ],
        [
            1605916800000.0,
            4357.641251206714
        ],
        [
            1606521600000.0,
            4444.270067908948
        ]
    ],
    "MA": [
        [
            1604707200000.0,
            10144.098878213304
        ],
        [
            1605312000000.0,
            10322.397392293766
        ],
        [
            1605916800000.0,
            10527.93282976166
        ],
        [
            1606521600000.0,
            10762.067368956416
        ]
    ],
    "MI": [
        [
            1604707200000.0,
            7901.593818655458
        ],
        [
            1605312000000.0,
            8142.75366162966
        ],
        [
            1605916800000.0,
            8430.970648081027
        ],
        [
            1606521600000.0,
            8780.641266427654
        ]
    ],
    "MN": [
        [
            1604707200000.0,
            2647.505544378441
        ],
        [
            1605312000000.0,
            2806.350861274182
        ],
        [
            1605916800000.0,
            2992.348044329005
        ],
        [
            1606521600000.0,
            3209.8380228371784
        ]
    ],