{
    "AL": [
        [
            1613779200000.0,
            10042.877674818408
        ],
        [
            1614384000000.0,
            10820.401981437291
        ],
        [
            1614988800000.0,
            11554.72901049773
        ],
        [
            1615593600000.0,
            12228.45347082772
        ]
    ],
    "AK": [
        [
            1613779200000.0,
            294.1888417376771
        ],
        [
            1614384000000.0,
            305.6392731855683
        ],
        [
            1614988800000.0,
            316.890716319366
        ],
        [
            1615593600000.0,
            328.27921681623394
        ]
    ],
    "AZ": [
        [
            1613779200000.0,
            15803.471160963152
        ],
        [
            1614384000000.0,
            16564.274580036566
        ],
        [
            1614988800000.0,
            17226.37784637352
        ],
        [
            1615593600000.0,
            17781.72208853425
        ]
    ],
    "AR": [
        [
            1613779200000.0,
            5441.359436338242
        ],
        [
            1614384000000.0,
            5607.196854780788
        ],
        [
            1614988800000.0,
            5750.578179512862
        ],
        [
            1615593600000.0,
            5874.4732871726055
        ]
    ],
    "CA": [
        [
            1613779200000.0,
            49675.705897969376
        ],
        [
            1614384000000.0,
            52326.6537667454
        ],
        [
            1614988800000.0,
            54773.00936271322
        ],
        [
            1615593600000.0,
            57011.23625444177
        ]
    ],
    "CO": [
        [
            1613779200000.0,
            5927.327279776436
        ],
        [
            1614384000000.0,
            6032.719997655783
        ],
        [
            1614988800000.0,
            6130.703237515639
        ],
        [
            1615593600000.0,
            6222.983963050726
        ]
    ],
    "CT": [
        [
            1613779200000.0,
            7548.817845127163
        ],
        [
            1614384000000.0,
            7706.141051380237
        ],
        [
            1614988800000.0,
            7850.3497272732975
        ],
        [
            1615593600000.0,
            7984.341989467533
        ]
    ],
    "DE": [
        [
            1613779200000.0,
            1323.41893769669
        ],
        [
            1614384000000.0,
            1361.6661578419116
        ],
        [
            1614988800000.0,
            1397.7245580634292
        ],
        [
            1615593600000.0,
            1432.6148010657812
        ]
    ],
    "FL": [
        [
            1613779200000.0,
            29611.44405617641
        ],
        [
            1614384000000.0,
            30474.635221807534
        ],
        [
            1614988800000.0,
            31268.004363078493
        ],
        [
            1615593600000.0,
            31987.71593214008
        ]
    ],
    "GA": [
        [
            1613779200000.0,
            16528.632377643906
        ],
        [
            1614384000000.0,
            17162.283077712673
        ],
        [
            1614988800000.0,
            17745.3597730351
        ],
        [
            1615593600000.0,
            18277.79582757034
        ]
    ],
    "HI": [
        [
            1613779200000.0,
            438.5932237168173
        ],
        [
            1614384000000.0,
            453.6372305419085
        ],
        [
            1614988800000.0,
            469.549769156128
        ],
        [
            1615593600000.0,
            486.83892907959546
        ]
    ],
    "ID": [
        [
            1613779200000.0,
            1848.404046463436
        ],
        [
            1614384000000.0,
            1890.437647433777
        ],
        [
            1614988800000.0,
            1929.7229138945984
        ],
        [
            1615593600000.0,
            1967.4493808733016
        ]
    ],
    "IL": [
        [
            1613779200000.0,
            22542.058606584636
        ],
        [
            1614384000000.0,
            22951.514613261163
        ],
        [
            1614988800000.0,
            23318.470621909142
        ],
        [
            1615593600000.0,
            23645.59490999071
        ]
    ],
    "IN": [
        [
            1613779200000.0,
            12461.896848623124
        ],
        [
            1614384000000.0,
            12737.032946177707
        ],
        [
            1614988800000.0,
            12976.27602652211
        ],
        [
            1615593600000.0,
            13187.721287645403
        ]
    ],
    "IA": [
        [
            1613779200000.0,
            5375.0308517335925
        ],
        [
            1614384000000.0,
            5498.234159251858
        ],
        [
            1614988800000.0,
            5606.959483264051
        ],
        [
            1615593600000.0,
            5703.536227396645
        ]
    ],
    "KS": [
        [
            1613779200000.0,
            4541.275431435313
        ],
        [
            1614384000000.0,
            4740.862837280446
        ],
        [
            1614988800000.0,
            4926.900427724939
        ],
        [
            1615593600000.0,
            5100.259783791558
        ]
    ],
    "KY": [
        [
            1613779200000.0,
            4540.303921873914
        ],
        [
            1614384000000.0,
            4795.728326688023
        ],
        [
            1614988800000.0,
            5035.548819456224
        ],
        [
            1615593600000.0,
            5258.484472633049
        ]
    ],
    "LA": [
        [
            1613779200000.0,
            9484.485628043036
        ],
        [
            1614384000000.0,
            9667.223660226193
        ],
        [
            1614988800000.0,
            9824.522594753416
        ],
        [
            1615593600000.0,
            9959.546377879278
        ]
    ],
    "ME": [
        [
            1613779200000.0,
            698.0279885115264
        ],
        [
            1614384000000.0,
            748.6362637915471
        ],
        [
            1614988800000.0,
            798.543294561447
        ],
        [
            1615593600000.0,
            847.9350262650819
        ]
    ],
    "MD": [
        [
            1613779200000.0,
            7775.347762668322
        ],
        [
            1614384000000.0,
            8002.439209682846
        ],
        [
            1614988800000.0,
            8213.517836767587
        ],
        [
            1615593600000.0,
            8410.970532494337
        ]
    ],
    "MA": [
        [
            1613779200000.0,
            15818.256039471207
        ],
        [
            1614384000000.0,
            16189.72588284365
        ],
        [
            1614988800000.0,
            16530.23727598608
        ],
        [
            1615593600000.0,
            16847.016933658273
        ]
    ],
    "MI": [
        [
            1613779200000.0,
            16375.160877770852
        ],
        [
            1614384000000.0,
            16591.940109456584
        ],
        [
            1614988800000.0,
            16778.45455867603
        ],
        [
            1615593600000.0,
            16935.973109339062
        ]
    ],
    "MN": [
        [
            1613779200000.0,
            6533.361626768271
        ],
        [
            1614384000000.0,
            6617.887867281271
        ],
        [
            1614988800000.0,
            6693.854588365321
        ],
        [
            1615593600000.0,
            6761.267689042968
        ]
    ],