{
    "AL": [
        [
            1607126400000.0,
            3770.1466396731093
        ],
        [
            1607731200000.0,
            3993.049312537821
        ],
        [
            1608336000000.0,
            4241.124621162828
        ],
        [
            1608940800000.0,
            4513.600858319969
        ]
    ],
    "AK": [
        [
            1607126400000.0,
            136.86586117254421
        ],
        [
            1607731200000.0,
            155.27175139678218
        ],
        [
            1608336000000.0,
            176.8601999121393
        ],
        [
            1608940800000.0,
            202.07900941562275
        ]
    ],
    "AZ": [
        [
            1607126400000.0,
            6813.485900420592
        ],
        [
            1607731200000.0,
            7024.549764906759
        ],
        [
            1608336000000.0,
            7257.584531221816
        ],
        [
            1608940800000.0,
            7506.589133858408
        ]
    ],
    "AR": [
        [
            1607126400000.0,
            2578.037852807201
        ],
        [
            1607731200000.0,
            2703.3036424530137
        ],
        [
            1608336000000.0,
            2824.0659652991194
        ],
        [
            1608940800000.0,
            2940.0603697011584
        ]
    ],
    "CA": [
        [
            1607126400000.0,
            19592.625186471334
        ],
        [
            1607731200000.0,
            20089.46815383341
        ],
        [
            1608336000000.0,
            20612.983991371973
        ],
        [
            1608940800000.0,
            21169.729586493013
        ]
    ],
    "CO": [
        [
            1607126400000.0,
            3237.198035453166
        ],
        [
            1607731200000.0,
            3538.5273989852026
        ],
        [
            1608336000000.0,
            3887.6310579675733
        ],
        [
            1608940800000.0,
            4280.5534760561695
        ]
    ],
    "CT": [
        [
            1607126400000.0,
            5117.149475412368
        ],
        [
            1607731200000.0,
            5312.354047605407
        ],
        [
            1608336000000.0,
            5558.973662677647
        ],
        [
            1608940800000.0,
            5861.809051624057
        ]
    ],
    "DE": [
        [
            1607126400000.0,
            787.4955112664345
        ],
        [
            1607731200000.0,
            815.031817882923
        ],
        [
            1608336000000.0,
            845.4244553409522
        ],
        [
            1608940800000.0,
            878.9592794396092
        ]
    ],
    "FL": [
        [
            1607126400000.0,
            19084.22556939999
        ],
        [
            1607731200000.0,
            19766.88675987441
        ],
        [
            1608336000000.0,
            20480.600055149684
        ],
        [
            1608940800000.0,
            21211.668134332074
        ]
    ],
    "GA": [
        [
            1607126400000.0,
            9718.511239096586
        ],
        [
            1607731200000.0,
            10026.453841567685
        ],
        [
            1608336000000.0,
            10350.448439164229
        ],
        [
            1608940800000.0,
            10693.339976942187
        ]
    ],
    "HI": [
        [
            1607126400000.0,
            253.82533460298515
        ],
        [
            1607731200000.0,
            268.429409318704
        ],
        [
            1608336000000.0,
            283.8660669980108
        ],
        [
            1608940800000.0,
            300.36498566177886
        ]
    ],
    "ID": [
        [
            1607126400000.0,
            1017.6532862374789
        ],
        [
            1607731200000.0,
            1133.7483275475115
        ],
        [
            1608336000000.0,
            1259.5204623865325
        ],
        [
            1608940800000.0,
            1392.719485787432
        ]
    ],
    "IL": [
        [
            1607126400000.0,
            13838.778374242958
        ],
        [
            1607731200000.0,
            15021.409734017825
        ],
        [
            1608336000000.0,
            16413.800469226826
        ],
        [
            1608940800000.0,
            18034.524012954982
        ]
    ],
    "IN": [
        [
            1607126400000.0,
            6170.004233142654
        ],
        [
            1607731200000.0,
            6776.225788345323
        ],
        [
            1608336000000.0,
            7496.6813104137655
        ],
        [
            1608940800000.0,
            8342.422915182862
        ]
    ],
    "IA": [
        [
            1607126400000.0,
            2581.2408590325267
        ],
        [
            1607731200000.0,
            2801.6508439651275
        ],
        [
            1608336000000.0,
            3032.624586360409
        ],
        [
            1608940800000.0,
            3276.946927592617
        ]
    ],
    "KS": [
        [
            1607126400000.0,
            1681.0465631379825
        ],
        [
            1607731200000.0,
            1846.1345605954102
        ],
        [
            1608336000000.0,
            2024.4788170326322
        ],
        [
            1608940800000.0,
            2216.835434900196
        ]
    ],
    "KY": [
        [
            1607126400000.0,
            2006.0091444248114
        ],
        [
            1607731200000.0,
            2137.1862809428007
        ],
        [
            1608336000000.0,
            2276.6665605826465
        ],
        [
            1608940800000.0,
            2424.883795712193
        ]
    ],
    "LA": [
        [
            1607126400000.0,
            6590.109951054704
        ],
        [
            1607731200000.0,
            6798.504838873874
        ],
        [
            1608336000000.0,
            7014.17079637781
        ],
        [
            1608940800000.0,
            7233.132131894708
        ]
    ],
    "ME": [
        [
            1607126400000.0,
            215.2367058498585
        ],
        [
            1607731200000.0,
            245.4990341016037
        ],
        [
            1608336000000.0,
            282.44059047579435
        ],
        [
            1608940800000.0,
            327.85715906355637
        ]
    ],
    "MD": [
        [
            1607126400000.0,
            4782.489668294636
        ],
        [
            1607731200000.0,
            5003.006220774861
        ],
        [
            1608336000000.0,
            5272.9924061795255
        ],
        [
            1608940800000.0,
            5603.393946964595
        ]
    ],
    "MA": [
        [
            1607126400000.0,
            10923.648654330413
        ],
        [
            1607731200000.0,
            11211.39599920582
        ],
        [
            1608336000000.0,
            11540.400964766935
        ],
        [
            1608940800000.0,
            11917.853479397263
        ]
    ],
    "MI": [
        [
            1607126400000.0,
            10171.223385997408
        ],
        [
            1607731200000.0,
            11033.529981458149
        ],
        [
            1608336000000.0,
            12078.87296767798
        ],
        [
            1608940800000.0,
            13328.470373062271
        ]
    ],
    "MN": [
        [
            1607126400000.0,
            3997.4980358778607
        ],
        [
            1607731200000.0,
            4513.113259049434
        ],
        [
            1608336000000.0,
            5146.302388030847
        ],
        [
            1608940800000.0,
            5919.463913341157
        ]
    ],