{
    "AL": [
        [
            1603497600000.0,
            2899.968164612207
        ],
        [
            1604102400000.0,
            3015.561538450053
        ],
        [
            1604707200000.0,
            3135.2863884024487
        ],
        [
            1605312000000.0,
            3259.6987544521453
        ]
    ],
    "AK": [
        [
            1603497600000.0,
            73.51347960086319
        ],
        [
            1604102400000.0,
            82.11345366519215
        ],
        [
            1604707200000.0,
            92.98011481673174
        ],
        [
            1605312000000.0,
            106.4970518084443
        ]
    ],
    "AZ": [
        [
            1603497600000.0,
            5864.530639760983
        ],
        [
            1604102400000.0,
            5903.327641557367
        ],
        [
            1604707200000.0,
            5942.602782310644
        ],
        [
            1605312000000.0,
            5983.430957543962
        ]
    ],
    "AR": [
        [
            1603497600000.0,
            1834.058011980977
        ],
        [
            1604102400000.0,
            1986.8766206545536
        ],
        [
            1604707200000.0,
            2141.3552907533785
        ],
        [
            1605312000000.0,
            2296.391469350501
        ]
    ],
    "CA": [
        [
            1603497600000.0,
            17265.082075538536
        ],
        [
            1604102400000.0,
            17526.076185848488
        ],
        [
            1604707200000.0,
            17746.735849639295
        ],
        [
            1605312000000.0,
            17933.570687303414
        ]
    ],
    "CO": [
        [
            1603497600000.0,
            2208.806822672248
        ],
        [
            1604102400000.0,
            2245.7098371489637
        ],
        [
            1604707200000.0,
            2287.346211960454
        ],
        [
            1605312000000.0,
            2334.641581153829
        ]
    ],
    "CT": [
        [
            1603497600000.0,
            4553.043601091682
        ],
        [
            1604102400000.0,
            4565.411905812024
        ],
        [
            1604707200000.0,
            4579.039446828423
        ],
        [
            1605312000000.0,
            4593.891090841121
        ]
    ],
    "DE": [
        [
            1603497600000.0,
            678.5291520371558
        ],
        [
            1604102400000.0,
            695.7206924996037
        ],
        [
            1604707200000.0,
            715.636236980876
        ],
        [
            1605312000000.0,
            738.3220203230336
        ]
    ],
    "FL": [
        [
            1603497600000.0,
            16457.578074610836
        ],
        [
            1604102400000.0,
            17005.26639686647
        ],
        [
            1604707200000.0,
            17566.187854222644
        ],
        [
            1605312000000.0,
            18140.677101103527
        ]
    ],
    "GA": [
        [
            1603497600000.0,
            7834.1498560170885
        ],
        [
            1604102400000.0,
            8035.5174857770435
        ],
        [
            1604707200000.0,
            8213.099284343085
        ],
        [
            1605312000000.0,
            8368.481837156545
        ]
    ],
    "HI": [
        [
            1603497600000.0,
            197.52790345150945
        ],
        [
            1604102400000.0,
            209.4028266740205
        ],
        [
            1604707200000.0,
            220.77803958926532
        ],
        [
            1605312000000.0,
            232.685744293635
        ]
    ],
    "ID": [
        [
            1603497600000.0,
            564.3794146554848
        ],
        [
            1604102400000.0,
            606.2638781837692
        ],
        [
            1604707200000.0,
            655.8907082945302
        ],
        [
            1605312000000.0,
            714.4942038073191
        ]
    ],
    "IL": [
        [
            1603497600000.0,
            9618.459033945472
        ],
        [
            1604102400000.0,
            9789.821067385086
        ],
        [
            1604707200000.0,
            9963.322935012442
        ],
        [
            1605312000000.0,
            10140.37252790784
        ]
    ],
    "IN": [
        [
            1603497600000.0,
            4058.374388058859
        ],
        [
            1604102400000.0,
            4222.256526676715
        ],
        [
            1604707200000.0,
            4413.69116244006
        ],
        [
            1605312000000.0,
            4636.6577855309415
        ]
    ],
    "IA": [
        [
            1603497600000.0,
            1606.0059364080685
        ],
        [
            1604102400000.0,
            1686.801923184077
        ],
        [
            1604707200000.0,
            1770.3160825021216
        ],
        [
            1605312000000.0,
            1856.1587018847492
        ]
    ],
    "KS": [
        [
            1603497600000.0,
            948.7767194049196
        ],
        [
            1604102400000.0,
            1048.145619200888
        ],
        [
            1604707200000.0,
            1156.7996915545375
        ],
        [
            1605312000000.0,
            1275.0084875595844
        ]
    ],
    "KY": [
        [
            1603497600000.0,
            1386.9724963390292
        ],
        [
            1604102400000.0,
            1471.4441217656336
        ],
        [
            1604707200000.0,
            1567.4899200546831
        ],
        [
            1605312000000.0,
            1677.3300250175034
        ]
    ],
    "LA": [
        [
            1603497600000.0,
            5824.016266730679
        ],
        [
            1604102400000.0,
            5920.814389170826
        ],
        [
            1604707200000.0,
            6021.322270254665
        ],
        [
            1605312000000.0,
            6123.354244943182
        ]
    ],
    "ME": [
        [
            1603497600000.0,
            152.06897446262016
        ],
        [
            1604102400000.0,
            159.43049574668458
        ],
        [
            1604707200000.0,
            167.9306178700164
        ],
        [
            1605312000000.0,
            177.51718271144418
        ]
    ],
    "MD": [
        [
            1603497600000.0,
            4090.6735150726813
        ],
        [
            1604102400000.0,
            4146.378795966888
        ],
        [
            1604707200000.0,
            4202.991936343061
        ],
        [
            1605312000000.0,
            4260.756787313307
        ]
    ],
    "MA": [
        [
            1603497600000.0,
            9826.481563674815
        ],
        [
            1604102400000.0,
            9945.852656989442
        ],
        [
            1604707200000.0,
            10083.868352507669
        ],
        [
            1605312000000.0,
            10243.536618691971
        ]
    ],
    "MI": [
        [
            1603497600000.0,
            7469.357160630161
        ],
        [
            1604102400000.0,
            7617.973365403525
        ],
        [
            1604707200000.0,
            7792.494846905553
        ],
        [
            1605312000000.0,
            7996.71114519741
        ]
    ],
    "MN": [
        [
            1603497600000.0,
            2340.207844615848
        ],
        [
            1604102400000.0,
            2412.8130515518405
        ],
        [
            1604707200000.0,
            2487.8741659433513
        ],
        [
            1605312000000.0,
            2565.281019404013
        ]
    ],