{
    "AL": [
        [
            1614988800000.0,
            345.1090088545943
        ],
        [
            1615593600000.0,
            286.12376435264525
        ],
        [
            1616198400000.0,
            231.96834390954564
        ],
        [
            1616803200000.0,
            184.0016560939629
        ]
    ],
    "AK": [
        [
            1614988800000.0,
            3.845237436548538
        ],
        [
            1615593600000.0,
            2.266448200832019
        ],
        [
            1616198400000.0,
            1.7560726846043415
        ],
        [
            1616803200000.0,
            1.7827011815286449
        ]
    ],
    "AZ": [
        [
            1614988800000.0,
            491.33352608705576
        ],
        [
            1615593600000.0,
            398.5512083248999
        ],
        [
            1616198400000.0,
            318.39396430902286
        ],
        [
            1616803200000.0,
            246.52645066896835
        ]
    ],
    "AR": [
        [
            1614988800000.0,
            68.0745571148118
        ],
        [
            1615593600000.0,
            53.29893135405663
        ],
        [
            1616198400000.0,
            41.877512659396125
        ],
        [
            1616803200000.0,
            31.819196322963656
        ]
    ],
    "CA": [
        [
            1614988800000.0,
            1970.754541489848
        ],
        [
            1615593600000.0,
            1733.57412027925
        ],
        [
            1616198400000.0,
            1498.1098602555398
        ],
        [
            1616803200000.0,
            1295.3000827554547
        ]
    ],
    "CO": [
        [
            1614988800000.0,
            61.71199322970737
        ],
        [
            1615593600000.0,
            55.57488094069721
        ],
        [
            1616198400000.0,
            48.74820037589861
        ],
        [
            1616803200000.0,
            43.6028745677708
        ]
    ],
    "CT": [
        [
            1614988800000.0,
            92.76255559971123
        ],
        [
            1615593600000.0,
            81.5074687029398
        ],
        [
            1616198400000.0,
            71.5735689199837
        ],
        [
            1616803200000.0,
            63.760531648608136
        ]
    ],
    "DE": [
        [
            1614988800000.0,
            24.99617811740685
        ],
        [
            1615593600000.0,
            21.43296928652174
        ],
        [
            1616198400000.0,
            17.74710714049037
        ],
        [
            1616803200000.0,
            14.399788889565592
        ]
    ],
    "FL": [
        [
            1614988800000.0,
            818.4194956914362
        ],
        [
            1615593600000.0,
            742.6425666773721
        ],
        [
            1616198400000.0,
            671.3014600715005
        ],
        [
            1616803200000.0,
            609.6521477632277
        ]
    ],
    "GA": [
        [
            1614988800000.0,
            601.1553653348045
        ],
        [
            1615593600000.0,
            547.8142445446998
        ],
        [
            1616198400000.0,
            492.3379180782502
        ],
        [
            1616803200000.0,
            437.06825720186106
        ]
    ],
    "HI": [
        [
            1614988800000.0,
            0.07029251595555
        ],
        [
            1615593600000.0,
            0.0
        ],
        [
            1616198400000.0,
            0.0
        ],
        [
            1616803200000.0,
            0.0
        ]
    ],
    "ID": [
        [
            1614988800000.0,
            25.95398022260541
        ],
        [
            1615593600000.0,
            22.081226762970832
        ],
        [
            1616198400000.0,
            19.180607663102077
        ],
        [
            1616803200000.0,
            17.22622408138206
        ]
    ],
    "IL": [
        [
            1614988800000.0,
            305.558496351522
        ],
        [
            1615593600000.0,
            268.6021347127742
        ],
        [
            1616198400000.0,
            234.844048656856
        ],
        [
            1616803200000.0,
            208.70224176998815
        ]
    ],
    "IN": [
        [
            1614988800000.0,
            180.73667381324387
        ],
        [
            1615593600000.0,
            145.59696628531233
        ],
        [
            1616198400000.0,
            118.22794553921648
        ],
        [
            1616803200000.0,
            95.76204275005928
        ]
    ],
    "IA": [
        [
            1614988800000.0,
            106.2914170503054
        ],
        [
            1615593600000.0,
            91.07838723201914
        ],
        [
            1616198400000.0,
            77.7851151836154
        ],
        [
            1616803200000.0,
            66.86234040625409
        ]
    ],
    "KS": [
        [
            1614988800000.0,
            125.91498999568968
        ],
        [
            1615593600000.0,
            108.05527689415057
        ],
        [
            1616198400000.0,
            92.46005838799348
        ],
        [
            1616803200000.0,
            80.19833284734858
        ]
    ],
    "KY": [
        [
            1614988800000.0,
            201.77115720335533
        ],
        [
            1615593600000.0,
            183.9329131976522
        ],
        [
            1616198400000.0,
            163.74841499276897
        ],
        [
            1616803200000.0,
            142.56626455359608
        ]
    ],
    "LA": [
        [
            1614988800000.0,
            133.5872584125838
        ],
        [
            1615593600000.0,
            109.90612912341348
        ],
        [
            1616198400000.0,
            89.13229465304155
        ],
        [
            1616803200000.0,
            73.18079971390635
        ]
    ],
    "ME": [
        [
            1614988800000.0,
            14.54905077626189
        ],
        [
            1615593600000.0,
            12.790309804703597
        ],
        [
            1616198400000.0,
            11.275731335258786
        ],
        [
            1616803200000.0,
            10.12795279346553
        ]
    ],
    "MD": [
        [
            1614988800000.0,
            177.14924573780263
        ],
        [
            1615593600000.0,
            164.62578962740378
        ],
        [
            1616198400000.0,
            147.3701485524905
        ],
        [
            1616803200000.0,
            133.78584625785328
        ]
    ],
    "MA": [
        [
            1614988800000.0,
            269.9739112663055
        ],
        [
            1615593600000.0,
            243.01061291630344
        ],
        [
            1616198400000.0,
            224.8338311708932
        ],
        [
            1616803200000.0,
            203.27139476332349
        ]
    ],
    "MI": [
        [
            1614988800000.0,
            180.12988045960617
        ],
        [
            1615593600000.0,
            157.04702432571838
        ],
        [
            1616198400000.0,
            139.95868703718247
        ],
        [
            1616803200000.0,
            128.3941429944273
        ]
    ],
    "MN": [
        [
            1614988800000.0,
            58.15489507710572
        ],
        [
            1615593600000.0,
            49.51644813700508
        ],
        [
            1616198400000.0,
            42.10551128587474
        ],
        [
            1616803200000.0,
            36.02431038260199
        ]
    ],