{
    "AL": [
        [
            1604707200000.0,
            107.84483942930478
        ],
        [
            1605312000000.0,
            121.84455420967264
        ],
        [
            1605916800000.0,
            135.01920809551842
        ],
        [
            1606521600000.0,
            151.2458428180777
        ]
    ],
    "AK": [
        [
            1604707200000.0,
            12.848937591821434
        ],
        [
            1605312000000.0,
            17.354294474647013
        ],
        [
            1605916800000.0,
            23.40083804593133
        ],
        [
            1606521600000.0,
            30.895303567356788
        ]
    ],
    "AZ": [
        [
            1604707200000.0,
            128.9373969403243
        ],
        [
            1605312000000.0,
            151.2376466876706
        ],
        [
            1605916800000.0,
            174.79884962366185
        ],
        [
            1606521600000.0,
            204.49899157921558
        ]
    ],
    "AR": [
        [
            1604707200000.0,
            144.29815808262555
        ],
        [
            1605312000000.0,
            145.63622669909842
        ],
        [
            1605916800000.0,
            146.01110382868876
        ],
        [
            1606521600000.0,
            145.88153143656663
        ]
    ],
    "CA": [
        [
            1604707200000.0,
            192.96156871516965
        ],
        [
            1605312000000.0,
            164.92043594617587
        ],
        [
            1605916800000.0,
            138.19491780470906
        ],
        [
            1606521600000.0,
            116.79786973706894
        ]
    ],
    "CO": [
        [
            1604707200000.0,
            65.54048554413038
        ],
        [
            1605312000000.0,
            73.707458684756
        ],
        [
            1605916800000.0,
            82.85616632654418
        ],
        [
            1606521600000.0,
            93.65484628074584
        ]
    ],
    "CT": [
        [
            1604707200000.0,
            42.44695003864988
        ],
        [
            1605312000000.0,
            49.192756297485026
        ],
        [
            1605916800000.0,
            60.43661993220307
        ],
        [
            1606521600000.0,
            69.58117651007913
        ]
    ],
    "DE": [
        [
            1604707200000.0,
            26.45297208309871
        ],
        [
            1605312000000.0,
            27.955670183655723
        ],
        [
            1605916800000.0,
            28.881788703028235
        ],
        [
            1606521600000.0,
            29.920548281079217
        ]
    ],
    "FL": [
        [
            1604707200000.0,
            277.05903362653856
        ],
        [
            1605312000000.0,
            239.51686633815845
        ],
        [
            1605916800000.0,
            210.8112752116244
        ],
        [
            1606521600000.0,
            185.62540650308785
        ]
    ],
    "GA": [
        [
            1604707200000.0,
            166.79967739472582
        ],
        [
            1605312000000.0,
            144.791102613298
        ],
        [
            1605916800000.0,
            124.9809275044928
        ],
        [
            1606521600000.0,
            107.15323134230816
        ]
    ],
    "HI": [
        [
            1604707200000.0,
            6.3134943287742304
        ],
        [
            1605312000000.0,
            6.086309955303452
        ],
        [
            1605916800000.0,
            6.333154678273777
        ],
        [
            1606521600000.0,
            6.3118605741629805
        ]
    ],
    "ID": [
        [
            1604707200000.0,
            63.41065867836219
        ],
        [
            1605312000000.0,
            76.06844900418001
        ],
        [
            1605916800000.0,
            89.97820950899819
        ],
        [
            1606521600000.0,
            105.219354942697
        ]
    ],
    "IL": [
        [
            1604707200000.0,
            252.02042907951926
        ],
        [
            1605312000000.0,
            294.18852560493616
        ],
        [
            1605916800000.0,
            341.9966432538213
        ],
        [
            1606521600000.0,
            392.7832607225502
        ]
    ],
    "IN": [
        [
            1604707200000.0,
            196.1040375464569
        ],
        [
            1605312000000.0,
            221.3205366281961
        ],
        [
            1605916800000.0,
            249.15184567898342
        ],
        [
            1606521600000.0,
            280.708119743468
        ]
    ],
    "IA": [
        [
            1604707200000.0,
            86.49215646339735
        ],
        [
            1605312000000.0,
            90.62817243471358
        ],
        [
            1605916800000.0,
            91.74583970593628
        ],
        [
            1606521600000.0,
            93.5318327664421
        ]
    ],
    "KS": [
        [
            1604707200000.0,
            94.70828451367859
        ],
        [
            1605312000000.0,
            101.86086906710882
        ],
        [
            1605916800000.0,
            108.60221623778374
        ],
        [
            1606521600000.0,
            115.23537660466728
        ]
    ],
    "KY": [
        [
            1604707200000.0,
            103.3205315262095
        ],
        [
            1605312000000.0,
            120.08862172016913
        ],
        [
            1605916800000.0,
            139.51807965808314
        ],
        [
            1606521600000.0,
            162.79077053050574
        ]
    ],
    "LA": [
        [
            1604707200000.0,
            111.50523017189062
        ],
        [
            1605312000000.0,
            114.32401853484284
        ],
        [
            1605916800000.0,
            115.69348489898516
        ],
        [
            1606521600000.0,
            116.65671370929064
        ]
    ],
    "ME": [
        [
            1604707200000.0,
            5.822233421481174
        ],
        [
            1605312000000.0,
            7.153112208456196
        ],
        [
            1605916800000.0,
            8.213655837856546
        ],
        [
            1606521600000.0,
            9.560246871499952
        ]
    ],
    "MD": [
        [
            1604707200000.0,
            63.65514770565301
        ],
        [
            1605312000000.0,
            69.78602429153578
        ],
        [
            1605916800000.0,
            77.20007920952492
        ],
        [
            1606521600000.0,
            86.62881670223439
        ]
    ],
    "MA": [
        [
            1604707200000.0,
            153.09887821330224
        ],
        [
            1605312000000.0,
            178.29851408046238
        ],
        [
            1605916800000.0,
            205.53543746789563
        ],
        [
            1606521600000.0,
            234.1345391947538
        ]
    ],
    "MI": [
        [
            1604707200000.0,
            202.593818655458
        ],
        [
            1605312000000.0,
            241.15984297420346
        ],
        [
            1605916800000.0,
            288.21698645136644
        ],
        [
            1606521600000.0,
            349.67061834662763
        ]
    ],
    "MN": [
        [
            1604707200000.0,
            136.50554437844085
        ],
        [
            1605312000000.0,
            158.8453168957411
        ],
        [
            1605916800000.0,
            185.99718305482315
        ],
        [
            1606521600000.0,
            217.4899785081734
        ]
    ],