{
    "AL": [
        [
            1602288000000.0,
            2609.208712608974
        ],
        [
            1602892800000.0,
            2660.4325308300367
        ],
        [
            1603497600000.0,
            2712.884796268577
        ],
        [
            1604102400000.0,
            2770.971908317957
        ]
    ],
    "AK": [
        [
            1602288000000.0,
            58.99021999031886
        ],
        [
            1602892800000.0,
            64.20048854074287
        ],
        [
            1603497600000.0,
            72.76979346723442
        ],
        [
            1604102400000.0,
            83.88208904439193
        ]
    ],
    "AZ": [
        [
            1602288000000.0,
            5743.65773574686
        ],
        [
            1602892800000.0,
            5774.439942995977
        ],
        [
            1603497600000.0,
            5799.704899496123
        ],
        [
            1604102400000.0,
            5821.412439339121
        ]
    ],
    "AR": [
        [
            1602288000000.0,
            1550.2074429208262
        ],
        [
            1602892800000.0,
            1700.6426055972
        ],
        [
            1603497600000.0,
            1856.9592617551525
        ],
        [
            1604102400000.0,
            2018.485838948682
        ]
    ],
    "CA": [
        [
            1602288000000.0,
            16584.009334789116
        ],
        [
            1602892800000.0,
            17047.57875611298
        ],
        [
            1603497600000.0,
            17525.459317766126
        ],
        [
            1604102400000.0,
            18033.34411523452
        ]
    ],
    "CO": [
        [
            1602288000000.0,
            2081.610894540619
        ],
        [
            1602892800000.0,
            2106.2379414822008
        ],
        [
            1603497600000.0,
            2135.0649896274344
        ],
        [
            1604102400000.0,
            2169.497098067262
        ]
    ],
    "CT": [
        [
            1602288000000.0,
            4524.199233608009
        ],
        [
            1602892800000.0,
            4537.549619361563
        ],
        [
            1603497600000.0,
            4552.506774633238
        ],
        [
            1604102400000.0,
            4569.5219932704995
        ]
    ],
    "DE": [
        [
            1602288000000.0,
            655.5955533753391
        ],
        [
            1602892800000.0,
            669.0860237917979
        ],
        [
            1603497600000.0,
            684.9135580783316
        ],
        [
            1604102400000.0,
            703.2516501354837
        ]
    ],
    "FL": [
        [
            1602288000000.0,
            15036.809473898247
        ],
        [
            1602892800000.0,
            15394.089038395703
        ],
        [
            1603497600000.0,
            15708.644999965842
        ],
        [
            1604102400000.0,
            15984.683948094786
        ]
    ],
    "GA": [
        [
            1602288000000.0,
            7329.845592351794
        ],
        [
            1602892800000.0,
            7502.579514262994
        ],
        [
            1603497600000.0,
            7653.675188976586
        ],
        [
            1604102400000.0,
            7785.0623311420995
        ]
    ],
    "HI": [
        [
            1602288000000.0,
            158.2024208787146
        ],
        [
            1602892800000.0,
            163.579391543956
        ],
        [
            1603497600000.0,
            168.61327543918233
        ],
        [
            1604102400000.0,
            173.08797865116145
        ]
    ],
    "ID": [
        [
            1602288000000.0,
            496.4567124964274
        ],
        [
            1602892800000.0,
            512.2480647724111
        ],
        [
            1603497600000.0,
            526.710411447872
        ],
        [
            1604102400000.0,
            539.8702544817222
        ]
    ],
    "IL": [
        [
            1602288000000.0,
            9167.28288368727
        ],
        [
            1602892800000.0,
            9315.673120925898
        ],
        [
            1603497600000.0,
            9467.404489324856
        ],
        [
            1604102400000.0,
            9622.520608258674
        ]
    ],
    "IN": [
        [
            1602288000000.0,
            3770.917169968194
        ],
        [
            1602892800000.0,
            3878.7331297634782
        ],
        [
            1603497600000.0,
            3995.7566964214034
        ],
        [
            1604102400000.0,
            4120.285039442844
        ]
    ],
    "IA": [
        [
            1602288000000.0,
            1448.7720829141401
        ],
        [
            1602892800000.0,
            1520.867248830483
        ],
        [
            1603497600000.0,
            1595.9108299301336
        ],
        [
            1604102400000.0,
            1673.563149417094
        ]
    ],
    "KS": [
        [
            1602288000000.0,
            751.6296980482065
        ],
        [
            1602892800000.0,
            820.5375205055594
        ],
        [
            1603497600000.0,
            895.8247899280105
        ],
        [
            1604102400000.0,
            977.5133988166856
        ]
    ],
    "KY": [
        [
            1602288000000.0,
            1263.7858820537624
        ],
        [
            1602892800000.0,
            1329.9688898112006
        ],
        [
            1603497600000.0,
            1404.1079705533948
        ],
        [
            1604102400000.0,
            1487.908045217506
        ]
    ],
    "LA": [
        [
            1602288000000.0,
            5644.837450723016
        ],
        [
            1602892800000.0,
            5748.986718662997
        ],
        [
            1603497600000.0,
            5860.607925086145
        ],
        [
            1604102400000.0,
            5978.862662736628
        ]
    ],
    "ME": [
        [
            1602288000000.0,
            144.09783693149245
        ],
        [
            1602892800000.0,
            148.0066000731529
        ],
        [
            1603497600000.0,
            152.77144133498717
        ],
        [
            1604102400000.0,
            158.20796747692782
        ]
    ],
    "MD": [
        [
            1602288000000.0,
            3988.58876020022
        ],
        [
            1602892800000.0,
            4021.180378459632
        ],
        [
            1603497600000.0,
            4053.6924488776576
        ],
        [
            1604102400000.0,
            4086.263791152369
        ]
    ],
    "MA": [
        [
            1602288000000.0,
            9616.428607026906
        ],
        [
            1602892800000.0,
            9738.48678225706
        ],
        [
            1603497600000.0,
            9881.871664319615
        ],
        [
            1604102400000.0,
            10053.627650704066
        ]
    ],
    "MI": [
        [
            1602288000000.0,
            7233.813788903481
        ],
        [
            1602892800000.0,
            7352.407972532072
        ],
        [
            1603497600000.0,
            7480.582298588996
        ],
        [
            1604102400000.0,
            7615.8958282499125
        ]
    ],
    "MN": [
        [
            1602288000000.0,
            2195.7213277756337
        ],
        [
            1602892800000.0,
            2270.354805094205
        ],
        [
            1603497600000.0,
            2349.188412437433
        ],
        [
            1604102400000.0,
            2431.474894503794
        ]
    ],